milestone_id,project_id,milestone_name,planned_date,actual_date,status
PRJ001-M01,PRJ001,Milestone 1,2024-01-23,2024-01-21,Completed
PRJ001-M02,PRJ001,Milestone 2,2024-03-23,2024-04-03,Completed
PRJ001-M03,PRJ001,Milestone 3,2024-05-22,2024-05-27,Completed
PRJ001-M04,PRJ001,Milestone 4,2024-07-21,,Pending
PRJ001-M05,PRJ001,Milestone 5,2024-09-19,,Pending
PRJ001-M06,PRJ001,Milestone 6,2024-11-18,,Pending
PRJ001-M07,PRJ001,Milestone 7,2025-01-17,,Pending
PRJ001-M08,PRJ001,Milestone 8,2025-03-18,,Pending
PRJ001-M09,PRJ001,Milestone 9,2025-05-17,,Pending
PRJ001-M10,PRJ001,Milestone 10,2025-07-16,,Pending
PRJ001-M11,PRJ001,Milestone 11,2025-09-14,,Pending
PRJ001-M12,PRJ001,Milestone 12,2025-11-13,,Pending
PRJ002-M01,PRJ002,Milestone 1,2023-12-14,2023-12-20,Completed
PRJ002-M02,PRJ002,Milestone 2,2024-02-12,2024-02-22,Completed
PRJ002-M03,PRJ002,Milestone 3,2024-04-12,2024-04-12,Completed
PRJ002-M04,PRJ002,Milestone 4,2024-06-11,2024-06-20,Completed
PRJ002-M05,PRJ002,Milestone 5,2024-08-10,2024-08-12,Completed
PRJ002-M06,PRJ002,Milestone 6,2024-10-09,2024-10-18,Completed
PRJ002-M07,PRJ002,Milestone 7,2024-12-08,2024-12-10,Completed
PRJ002-M08,PRJ002,Milestone 8,2025-02-06,2025-02-14,Completed
PRJ002-M09,PRJ002,Milestone 9,2025-04-07,2025-03-31,Completed
PRJ002-M10,PRJ002,Milestone 10,2025-06-06,2025-06-07,Completed
PRJ002-M11,PRJ002,Milestone 11,2025-08-05,2025-08-06,Completed
PRJ002-M12,PRJ002,Milestone 12,2025-10-04,2025-10-08,Completed
PRJ002-M13,PRJ002,Milestone 13,2025-12-03,,Pending
PRJ002-M14,PRJ002,Milestone 14,2026-02-01,,Pending
PRJ002-M15,PRJ002,Milestone 15,2026-04-02,,Pending
PRJ003-M01,PRJ003,Milestone 1,2023-05-20,2023-05-29,Completed
PRJ003-M02,PRJ003,Milestone 2,2023-07-19,2023-07-14,Completed
PRJ003-M03,PRJ003,Milestone 3,2023-09-17,2023-09-28,Completed
PRJ003-M04,PRJ003,Milestone 4,2023-11-16,2023-11-28,Completed
PRJ003-M05,PRJ003,Milestone 5,2024-01-15,2024-01-30,Completed
PRJ003-M06,PRJ003,Milestone 6,2024-03-15,2024-03-14,Completed
PRJ003-M07,PRJ003,Milestone 7,2024-05-14,,Pending
PRJ003-M08,PRJ003,Milestone 8,2024-07-13,,Pending
PRJ003-M09,PRJ003,Milestone 9,2024-09-11,,Pending
PRJ003-M10,PRJ003,Milestone 10,2024-11-10,,Pending
PRJ003-M11,PRJ003,Milestone 11,2025-01-09,,Pending
PRJ004-M01,PRJ004,Milestone 1,2023-04-11,2023-04-20,Completed
PRJ004-M02,PRJ004,Milestone 2,2023-06-10,2023-06-18,Completed
PRJ004-M03,PRJ004,Milestone 3,2023-08-09,2023-08-01,Completed
PRJ004-M04,PRJ004,Milestone 4,2023-10-08,2023-10-19,Completed
PRJ004-M05,PRJ004,Milestone 5,2023-12-07,2023-12-01,Completed
PRJ004-M06,PRJ004,Milestone 6,2024-02-05,2024-02-05,Completed
PRJ004-M07,PRJ004,Milestone 7,2024-04-05,2024-03-29,Completed
PRJ004-M08,PRJ004,Milestone 8,2024-06-04,2024-06-01,Completed
PRJ004-M09,PRJ004,Milestone 9,2024-08-03,2024-08-02,Completed
PRJ004-M10,PRJ004,Milestone 10,2024-10-02,2024-09-25,Completed
PRJ004-M11,PRJ004,Milestone 11,2024-12-01,2024-11-26,Completed
PRJ004-M12,PRJ004,Milestone 12,2025-01-30,2025-01-31,Completed
PRJ004-M13,PRJ004,Milestone 13,2025-03-31,2025-04-12,Completed
PRJ004-M14,PRJ004,Milestone 14,2025-05-30,2025-05-24,Completed
PRJ004-M15,PRJ004,Milestone 15,2025-07-29,2025-08-04,Completed
PRJ004-M16,PRJ004,Milestone 16,2025-09-27,2025-09-29,Completed
PRJ004-M17,PRJ004,Milestone 17,2025-11-26,2025-11-29,Completed
PRJ004-M18,PRJ004,Milestone 18,2026-01-25,2026-02-03,Completed
PRJ004-M19,PRJ004,Milestone 19,2026-03-26,,Pending
PRJ005-M01,PRJ005,Milestone 1,2024-05-18,2024-05-12,Completed
PRJ005-M02,PRJ005,Milestone 2,2024-07-17,2024-07-25,Completed
PRJ005-M03,PRJ005,Milestone 3,2024-09-15,2024-09-17,Completed
PRJ005-M04,PRJ005,Milestone 4,2024-11-14,2024-11-17,Completed
PRJ005-M05,PRJ005,Milestone 5,2025-01-13,2025-01-08,Completed
PRJ005-M06,PRJ005,Milestone 6,2025-03-14,2025-03-19,Completed
PRJ005-M07,PRJ005,Milestone 7,2025-05-13,2025-05-23,Completed
PRJ005-M08,PRJ005,Milestone 8,2025-07-12,2025-07-19,Completed
PRJ005-M09,PRJ005,Milestone 9,2025-09-10,2025-09-22,Completed
PRJ005-M10,PRJ005,Milestone 10,2025-11-09,2025-11-19,Completed
PRJ005-M11,PRJ005,Milestone 11,2026-01-08,2026-01-03,Completed
PRJ005-M12,PRJ005,Milestone 12,2026-03-09,,Pending
PRJ005-M13,PRJ005,Milestone 13,2026-05-08,,Pending
PRJ005-M14,PRJ005,Milestone 14,2026-07-07,,Pending
PRJ005-M15,PRJ005,Milestone 15,2026-09-05,,Pending
PRJ005-M16,PRJ005,Milestone 16,2026-11-04,,Pending
PRJ005-M17,PRJ005,Milestone 17,2027-01-03,,Pending
PRJ005-M18,PRJ005,Milestone 18,2027-03-04,,Pending
PRJ005-M19,PRJ005,Milestone 19,2027-05-03,,Pending
PRJ006-M01,PRJ006,Milestone 1,2023-05-24,2023-05-31,Completed
PRJ006-M02,PRJ006,Milestone 2,2023-07-23,2023-07-18,Completed
PRJ006-M03,PRJ006,Milestone 3,2023-09-21,2023-09-26,Completed
PRJ006-M04,PRJ006,Milestone 4,2023-11-20,2023-11-19,Completed
PRJ006-M05,PRJ006,Milestone 5,2024-01-19,2024-01-13,Completed
PRJ006-M06,PRJ006,Milestone 6,2024-03-19,2024-03-14,Completed
PRJ006-M07,PRJ006,Milestone 7,2024-05-18,2024-05-18,Completed
PRJ006-M08,PRJ006,Milestone 8,2024-07-17,2024-07-21,Completed
PRJ006-M09,PRJ006,Milestone 9,2024-09-15,2024-09-24,Completed
PRJ006-M10,PRJ006,Milestone 10,2024-11-14,2024-11-05,Completed
PRJ006-M11,PRJ006,Milestone 11,2025-01-13,2025-01-14,Completed
PRJ006-M12,PRJ006,Milestone 12,2025-03-14,2025-03-04,Completed
PRJ006-M13,PRJ006,Milestone 13,2025-05-13,2025-05-18,Completed
PRJ006-M14,PRJ006,Milestone 14,2025-07-12,2025-07-06,Completed
PRJ006-M15,PRJ006,Milestone 15,2025-09-10,2025-09-06,Completed
PRJ007-M01,PRJ007,Milestone 1,2023-04-04,2023-04-06,Completed
PRJ007-M02,PRJ007,Milestone 2,2023-06-03,2023-06-10,Completed
PRJ007-M03,PRJ007,Milestone 3,2023-08-02,2023-08-08,Completed
PRJ007-M04,PRJ007,Milestone 4,2023-10-01,2023-10-11,Completed
PRJ007-M05,PRJ007,Milestone 5,2023-11-30,2023-12-05,Completed
PRJ007-M06,PRJ007,Milestone 6,2024-01-29,2024-02-01,Completed
PRJ007-M07,PRJ007,Milestone 7,2024-03-29,2024-04-09,Completed
PRJ007-M08,PRJ007,Milestone 8,2024-05-28,2024-06-02,Completed
PRJ007-M09,PRJ007,Milestone 9,2024-07-27,2024-07-30,Completed
PRJ007-M10,PRJ007,Milestone 10,2024-09-25,2024-10-07,Completed
PRJ007-M11,PRJ007,Milestone 11,2024-11-24,2024-11-28,Completed
PRJ007-M12,PRJ007,Milestone 12,2025-01-23,2025-01-28,Completed
PRJ007-M13,PRJ007,Milestone 13,2025-03-24,2025-03-19,Completed
PRJ007-M14,PRJ007,Milestone 14,2025-05-23,2025-05-15,Completed
PRJ007-M15,PRJ007,Milestone 15,2025-07-22,2025-07-30,Completed
PRJ007-M16,PRJ007,Milestone 16,2025-09-20,2025-09-10,Completed
PRJ007-M17,PRJ007,Milestone 17,2025-11-19,2025-12-04,Completed
PRJ007-M18,PRJ007,Milestone 18,2026-01-18,2026-02-01,Completed
PRJ007-M19,PRJ007,Milestone 19,2026-03-19,2026-03-16,Completed
PRJ007-M20,PRJ007,Milestone 20,2026-05-18,,Pending
PRJ007-M21,PRJ007,Milestone 21,2026-07-17,,Pending
PRJ007-M22,PRJ007,Milestone 22,2026-09-15,,Pending
PRJ007-M23,PRJ007,Milestone 23,2026-11-14,,Pending
PRJ008-M01,PRJ008,Milestone 1,2023-09-03,2023-09-02,Completed
PRJ008-M02,PRJ008,Milestone 2,2023-11-02,,Pending
PRJ008-M03,PRJ008,Milestone 3,2024-01-01,,Pending
PRJ008-M04,PRJ008,Milestone 4,2024-03-01,,Pending
PRJ008-M05,PRJ008,Milestone 5,2024-04-30,,Pending
PRJ008-M06,PRJ008,Milestone 6,2024-06-29,,Pending
PRJ008-M07,PRJ008,Milestone 7,2024-08-28,,Pending
PRJ008-M08,PRJ008,Milestone 8,2024-10-27,,Pending
PRJ008-M09,PRJ008,Milestone 9,2024-12-26,,Pending
PRJ009-M01,PRJ009,Milestone 1,2024-01-01,2023-12-23,Completed
PRJ009-M02,PRJ009,Milestone 2,2024-03-01,,Pending
PRJ009-M03,PRJ009,Milestone 3,2024-04-30,,Pending
PRJ009-M04,PRJ009,Milestone 4,2024-06-29,,Pending
PRJ009-M05,PRJ009,Milestone 5,2024-08-28,,Pending
PRJ009-M06,PRJ009,Milestone 6,2024-10-27,,Pending
PRJ009-M07,PRJ009,Milestone 7,2024-12-26,,Pending
PRJ009-M08,PRJ009,Milestone 8,2025-02-24,,Pending
PRJ010-M01,PRJ010,Milestone 1,2024-07-02,2024-06-30,Completed
PRJ010-M02,PRJ010,Milestone 2,2024-08-31,2024-08-28,Completed
PRJ010-M03,PRJ010,Milestone 3,2024-10-30,2024-11-06,Completed
PRJ010-M04,PRJ010,Milestone 4,2024-12-29,2024-12-28,Completed
PRJ010-M05,PRJ010,Milestone 5,2025-02-27,2025-02-22,Completed
PRJ010-M06,PRJ010,Milestone 6,2025-04-28,2025-05-12,Completed
PRJ010-M07,PRJ010,Milestone 7,2025-06-27,2025-07-01,Completed
PRJ010-M08,PRJ010,Milestone 8,2025-08-26,2025-09-03,Completed
PRJ010-M09,PRJ010,Milestone 9,2025-10-25,2025-11-07,Completed
PRJ010-M10,PRJ010,Milestone 10,2025-12-24,2026-01-07,Completed
PRJ010-M11,PRJ010,Milestone 11,2026-02-22,2026-03-08,Completed
PRJ011-M01,PRJ011,Milestone 1,2024-01-02,2024-01-07,Completed
PRJ011-M02,PRJ011,Milestone 2,2024-03-02,2024-03-09,Completed
PRJ011-M03,PRJ011,Milestone 3,2024-05-01,2024-05-07,Completed
PRJ011-M04,PRJ011,Milestone 4,2024-06-30,2024-06-23,Completed
PRJ011-M05,PRJ011,Milestone 5,2024-08-29,2024-09-06,Completed
PRJ011-M06,PRJ011,Milestone 6,2024-10-28,2024-10-21,Completed
PRJ011-M07,PRJ011,Milestone 7,2024-12-27,2024-12-25,Completed
PRJ011-M08,PRJ011,Milestone 8,2025-02-25,2025-03-11,Completed
PRJ011-M09,PRJ011,Milestone 9,2025-04-26,2025-05-03,Completed
PRJ011-M10,PRJ011,Milestone 10,2025-06-25,2025-06-26,Completed
PRJ011-M11,PRJ011,Milestone 11,2025-08-24,,Pending
PRJ011-M12,PRJ011,Milestone 12,2025-10-23,,Pending
PRJ011-M13,PRJ011,Milestone 13,2025-12-22,,Pending
PRJ011-M14,PRJ011,Milestone 14,2026-02-20,,Pending
PRJ011-M15,PRJ011,Milestone 15,2026-04-21,,Pending
PRJ011-M16,PRJ011,Milestone 16,2026-06-20,,Pending
PRJ011-M17,PRJ011,Milestone 17,2026-08-19,,Pending
PRJ012-M01,PRJ012,Milestone 1,2023-05-06,2023-05-13,Completed
PRJ012-M02,PRJ012,Milestone 2,2023-07-05,2023-07-19,Completed
PRJ012-M03,PRJ012,Milestone 3,2023-09-03,2023-08-25,Completed
PRJ012-M04,PRJ012,Milestone 4,2023-11-02,2023-11-16,Completed
PRJ012-M05,PRJ012,Milestone 5,2024-01-01,2024-01-14,Completed
PRJ012-M06,PRJ012,Milestone 6,2024-03-01,2024-03-05,Completed
PRJ012-M07,PRJ012,Milestone 7,2024-04-30,2024-05-07,Completed
PRJ012-M08,PRJ012,Milestone 8,2024-06-29,2024-06-25,Completed
PRJ012-M09,PRJ012,Milestone 9,2024-08-28,2024-08-31,Completed
PRJ012-M10,PRJ012,Milestone 10,2024-10-27,2024-10-20,Completed
PRJ012-M11,PRJ012,Milestone 11,2024-12-26,2025-01-08,Completed
PRJ012-M12,PRJ012,Milestone 12,2025-02-24,2025-03-06,Completed
PRJ012-M13,PRJ012,Milestone 13,2025-04-25,2025-05-09,Completed
PRJ012-M14,PRJ012,Milestone 14,2025-06-24,2025-06-21,Completed
PRJ012-M15,PRJ012,Milestone 15,2025-08-23,,Pending
PRJ012-M16,PRJ012,Milestone 16,2025-10-22,,Pending
PRJ012-M17,PRJ012,Milestone 17,2025-12-21,,Pending
PRJ012-M18,PRJ012,Milestone 18,2026-02-19,,Pending
PRJ012-M19,PRJ012,Milestone 19,2026-04-20,,Pending
PRJ012-M20,PRJ012,Milestone 20,2026-06-19,,Pending
PRJ012-M21,PRJ012,Milestone 21,2026-08-18,,Pending
PRJ013-M01,PRJ013,Milestone 1,2023-05-02,2023-05-01,Completed
PRJ013-M02,PRJ013,Milestone 2,2023-07-01,2023-06-22,Completed
PRJ013-M03,PRJ013,Milestone 3,2023-08-30,2023-09-03,Completed
PRJ013-M04,PRJ013,Milestone 4,2023-10-29,2023-10-27,Completed
PRJ013-M05,PRJ013,Milestone 5,2023-12-28,2023-12-29,Completed
PRJ013-M06,PRJ013,Milestone 6,2024-02-26,2024-02-18,Completed
PRJ013-M07,PRJ013,Milestone 7,2024-04-26,2024-04-30,Completed
PRJ013-M08,PRJ013,Milestone 8,2024-06-25,2024-06-18,Completed
PRJ013-M09,PRJ013,Milestone 9,2024-08-24,2024-09-07,Completed
PRJ013-M10,PRJ013,Milestone 10,2024-10-23,2024-11-07,Completed
PRJ013-M11,PRJ013,Milestone 11,2024-12-22,2024-12-19,Completed
PRJ013-M12,PRJ013,Milestone 12,2025-02-20,2025-02-16,Completed
PRJ013-M13,PRJ013,Milestone 13,2025-04-21,2025-05-06,Completed
PRJ013-M14,PRJ013,Milestone 14,2025-06-20,2025-07-03,Completed
PRJ013-M15,PRJ013,Milestone 15,2025-08-19,2025-08-27,Completed
PRJ013-M16,PRJ013,Milestone 16,2025-10-18,2025-10-30,Completed
PRJ013-M17,PRJ013,Milestone 17,2025-12-17,2025-12-18,Completed
PRJ013-M18,PRJ013,Milestone 18,2026-02-15,2026-02-27,Completed
PRJ013-M19,PRJ013,Milestone 19,2026-04-16,,Pending
PRJ013-M20,PRJ013,Milestone 20,2026-06-15,,Pending
PRJ013-M21,PRJ013,Milestone 21,2026-08-14,,Pending
PRJ013-M22,PRJ013,Milestone 22,2026-10-13,,Pending
PRJ013-M23,PRJ013,Milestone 23,2026-12-12,,Pending
PRJ013-M24,PRJ013,Milestone 24,2027-02-10,,Pending
PRJ013-M25,PRJ013,Milestone 25,2027-04-11,,Pending
PRJ014-M01,PRJ014,Milestone 1,2023-04-07,2023-04-16,Completed
PRJ014-M02,PRJ014,Milestone 2,2023-06-06,2023-06-16,Completed
PRJ014-M03,PRJ014,Milestone 3,2023-08-05,2023-08-08,Completed
PRJ014-M04,PRJ014,Milestone 4,2023-10-04,2023-09-29,Completed
PRJ014-M05,PRJ014,Milestone 5,2023-12-03,2023-12-12,Completed
PRJ014-M06,PRJ014,Milestone 6,2024-02-01,2024-01-26,Completed
PRJ014-M07,PRJ014,Milestone 7,2024-04-01,2024-04-16,Completed
PRJ014-M08,PRJ014,Milestone 8,2024-05-31,2024-05-27,Completed
PRJ014-M09,PRJ014,Milestone 9,2024-07-30,2024-07-26,Completed
PRJ014-M10,PRJ014,Milestone 10,2024-09-28,2024-10-13,Completed
PRJ014-M11,PRJ014,Milestone 11,2024-11-27,2024-11-18,Completed
PRJ014-M12,PRJ014,Milestone 12,2025-01-26,2025-02-03,Completed
PRJ014-M13,PRJ014,Milestone 13,2025-03-27,2025-03-28,Completed
PRJ014-M14,PRJ014,Milestone 14,2025-05-26,2025-06-02,Completed
PRJ014-M15,PRJ014,Milestone 15,2025-07-25,2025-07-23,Completed
PRJ014-M16,PRJ014,Milestone 16,2025-09-23,2025-10-02,Completed
PRJ014-M17,PRJ014,Milestone 17,2025-11-22,2025-11-29,Completed
PRJ014-M18,PRJ014,Milestone 18,2026-01-21,,Pending
PRJ014-M19,PRJ014,Milestone 19,2026-03-22,,Pending
PRJ014-M20,PRJ014,Milestone 20,2026-05-21,,Pending
PRJ014-M21,PRJ014,Milestone 21,2026-07-20,,Pending
PRJ014-M22,PRJ014,Milestone 22,2026-09-18,,Pending
PRJ014-M23,PRJ014,Milestone 23,2026-11-17,,Pending
PRJ014-M24,PRJ014,Milestone 24,2027-01-16,,Pending
PRJ014-M25,PRJ014,Milestone 25,2027-03-17,,Pending
PRJ015-M01,PRJ015,Milestone 1,2023-08-30,2023-08-25,Completed
PRJ015-M02,PRJ015,Milestone 2,2023-10-29,,Pending
PRJ015-M03,PRJ015,Milestone 3,2023-12-28,,Pending
PRJ015-M04,PRJ015,Milestone 4,2024-02-26,,Pending
PRJ015-M05,PRJ015,Milestone 5,2024-04-26,,Pending
PRJ015-M06,PRJ015,Milestone 6,2024-06-25,,Pending
PRJ015-M07,PRJ015,Milestone 7,2024-08-24,,Pending
PRJ015-M08,PRJ015,Milestone 8,2024-10-23,,Pending
PRJ015-M09,PRJ015,Milestone 9,2024-12-22,,Pending
PRJ015-M10,PRJ015,Milestone 10,2025-02-20,,Pending
PRJ015-M11,PRJ015,Milestone 11,2025-04-21,,Pending
PRJ016-M01,PRJ016,Milestone 1,2023-05-12,2023-05-12,Completed
PRJ016-M02,PRJ016,Milestone 2,2023-07-11,2023-07-23,Completed
PRJ016-M03,PRJ016,Milestone 3,2023-09-09,2023-09-08,Completed
PRJ016-M04,PRJ016,Milestone 4,2023-11-08,2023-11-07,Completed
PRJ016-M05,PRJ016,Milestone 5,2024-01-07,2024-01-15,Completed
PRJ016-M06,PRJ016,Milestone 6,2024-03-07,2024-03-05,Completed
PRJ016-M07,PRJ016,Milestone 7,2024-05-06,2024-05-12,Completed
PRJ016-M08,PRJ016,Milestone 8,2024-07-05,,Pending
PRJ016-M09,PRJ016,Milestone 9,2024-09-03,,Pending
PRJ016-M10,PRJ016,Milestone 10,2024-11-02,,Pending
PRJ017-M01,PRJ017,Milestone 1,2023-11-05,2023-11-16,Completed
PRJ017-M02,PRJ017,Milestone 2,2024-01-04,2023-12-28,Completed
PRJ017-M03,PRJ017,Milestone 3,2024-03-04,2024-02-27,Completed
PRJ017-M04,PRJ017,Milestone 4,2024-05-03,2024-05-17,Completed
PRJ017-M05,PRJ017,Milestone 5,2024-07-02,2024-07-17,Completed
PRJ017-M06,PRJ017,Milestone 6,2024-08-31,2024-09-03,Completed
PRJ017-M07,PRJ017,Milestone 7,2024-10-30,2024-10-21,Completed
PRJ017-M08,PRJ017,Milestone 8,2024-12-29,2024-12-27,Completed
PRJ017-M09,PRJ017,Milestone 9,2025-02-27,2025-03-09,Completed
PRJ017-M10,PRJ017,Milestone 10,2025-04-28,,Pending
PRJ017-M11,PRJ017,Milestone 11,2025-06-27,,Pending
PRJ017-M12,PRJ017,Milestone 12,2025-08-26,,Pending
PRJ017-M13,PRJ017,Milestone 13,2025-10-25,,Pending
PRJ018-M01,PRJ018,Milestone 1,2024-02-21,2024-02-15,Completed
PRJ018-M02,PRJ018,Milestone 2,2024-04-21,2024-05-03,Completed
PRJ018-M03,PRJ018,Milestone 3,2024-06-20,2024-06-14,Completed
PRJ018-M04,PRJ018,Milestone 4,2024-08-19,2024-08-16,Completed
PRJ018-M05,PRJ018,Milestone 5,2024-10-18,2024-10-12,Completed
PRJ018-M06,PRJ018,Milestone 6,2024-12-17,2024-12-29,Completed
PRJ018-M07,PRJ018,Milestone 7,2025-02-15,2025-02-15,Completed
PRJ018-M08,PRJ018,Milestone 8,2025-04-16,2025-04-13,Completed
PRJ018-M09,PRJ018,Milestone 9,2025-06-15,2025-06-29,Completed
PRJ018-M10,PRJ018,Milestone 10,2025-08-14,2025-08-25,Completed
PRJ018-M11,PRJ018,Milestone 11,2025-10-13,,Pending
PRJ018-M12,PRJ018,Milestone 12,2025-12-12,,Pending
PRJ018-M13,PRJ018,Milestone 13,2026-02-10,,Pending
PRJ018-M14,PRJ018,Milestone 14,2026-04-11,,Pending
PRJ018-M15,PRJ018,Milestone 15,2026-06-10,,Pending
PRJ018-M16,PRJ018,Milestone 16,2026-08-09,,Pending
PRJ018-M17,PRJ018,Milestone 17,2026-10-08,,Pending
PRJ019-M01,PRJ019,Milestone 1,2023-11-14,2023-11-16,Completed
PRJ019-M02,PRJ019,Milestone 2,2024-01-13,2024-01-18,Completed
PRJ019-M03,PRJ019,Milestone 3,2024-03-13,2024-03-07,Completed
PRJ019-M04,PRJ019,Milestone 4,2024-05-12,2024-05-20,Completed
PRJ019-M05,PRJ019,Milestone 5,2024-07-11,,Pending
PRJ019-M06,PRJ019,Milestone 6,2024-09-09,,Pending
PRJ019-M07,PRJ019,Milestone 7,2024-11-08,,Pending
PRJ019-M08,PRJ019,Milestone 8,2025-01-07,,Pending
PRJ019-M09,PRJ019,Milestone 9,2025-03-08,,Pending
PRJ019-M10,PRJ019,Milestone 10,2025-05-07,,Pending
PRJ019-M11,PRJ019,Milestone 11,2025-07-06,,Pending
PRJ019-M12,PRJ019,Milestone 12,2025-09-04,,Pending
PRJ019-M13,PRJ019,Milestone 13,2025-11-03,,Pending
PRJ020-M01,PRJ020,Milestone 1,2024-01-13,2024-01-23,Completed
PRJ020-M02,PRJ020,Milestone 2,2024-03-13,2024-03-11,Completed
PRJ020-M03,PRJ020,Milestone 3,2024-05-12,2024-05-22,Completed
PRJ020-M04,PRJ020,Milestone 4,2024-07-11,2024-07-14,Completed
PRJ020-M05,PRJ020,Milestone 5,2024-09-09,2024-09-11,Completed
PRJ020-M06,PRJ020,Milestone 6,2024-11-08,2024-11-12,Completed
PRJ020-M07,PRJ020,Milestone 7,2025-01-07,2024-12-30,Completed
PRJ020-M08,PRJ020,Milestone 8,2025-03-08,2025-03-18,Completed
PRJ020-M09,PRJ020,Milestone 9,2025-05-07,2025-05-22,Completed
PRJ020-M10,PRJ020,Milestone 10,2025-07-06,2025-07-20,Completed
PRJ020-M11,PRJ020,Milestone 11,2025-09-04,2025-08-27,Completed
PRJ020-M12,PRJ020,Milestone 12,2025-11-03,2025-11-05,Completed
PRJ020-M13,PRJ020,Milestone 13,2026-01-02,,Pending
PRJ020-M14,PRJ020,Milestone 14,2026-03-03,,Pending
PRJ020-M15,PRJ020,Milestone 15,2026-05-02,,Pending
PRJ020-M16,PRJ020,Milestone 16,2026-07-01,,Pending
PRJ020-M17,PRJ020,Milestone 17,2026-08-30,,Pending
PRJ020-M18,PRJ020,Milestone 18,2026-10-29,,Pending
PRJ021-M01,PRJ021,Milestone 1,2023-08-10,2023-08-16,Completed
PRJ021-M02,PRJ021,Milestone 2,2023-10-09,2023-10-22,Completed
PRJ021-M03,PRJ021,Milestone 3,2023-12-08,,Pending
PRJ021-M04,PRJ021,Milestone 4,2024-02-06,,Pending
PRJ021-M05,PRJ021,Milestone 5,2024-04-06,,Pending
PRJ021-M06,PRJ021,Milestone 6,2024-06-05,,Pending
PRJ021-M07,PRJ021,Milestone 7,2024-08-04,,Pending
PRJ021-M08,PRJ021,Milestone 8,2024-10-03,,Pending
PRJ021-M09,PRJ021,Milestone 9,2024-12-02,,Pending
PRJ021-M10,PRJ021,Milestone 10,2025-01-31,,Pending
PRJ021-M11,PRJ021,Milestone 11,2025-04-01,,Pending
PRJ022-M01,PRJ022,Milestone 1,2023-05-21,2023-05-19,Completed
PRJ022-M02,PRJ022,Milestone 2,2023-07-20,2023-08-01,Completed
PRJ022-M03,PRJ022,Milestone 3,2023-09-18,2023-09-19,Completed
PRJ022-M04,PRJ022,Milestone 4,2023-11-17,2023-11-21,Completed
PRJ022-M05,PRJ022,Milestone 5,2024-01-16,2024-01-21,Completed
PRJ022-M06,PRJ022,Milestone 6,2024-03-16,2024-03-16,Completed
PRJ022-M07,PRJ022,Milestone 7,2024-05-15,2024-05-23,Completed
PRJ022-M08,PRJ022,Milestone 8,2024-07-14,2024-07-04,Completed
PRJ022-M09,PRJ022,Milestone 9,2024-09-12,2024-09-26,Completed
PRJ022-M10,PRJ022,Milestone 10,2024-11-11,2024-11-24,Completed
PRJ022-M11,PRJ022,Milestone 11,2025-01-10,2025-01-02,Completed
PRJ022-M12,PRJ022,Milestone 12,2025-03-11,2025-03-24,Completed
PRJ022-M13,PRJ022,Milestone 13,2025-05-10,2025-05-14,Completed
PRJ022-M14,PRJ022,Milestone 14,2025-07-09,2025-07-19,Completed
PRJ022-M15,PRJ022,Milestone 15,2025-09-07,,Pending
PRJ022-M16,PRJ022,Milestone 16,2025-11-06,,Pending
PRJ022-M17,PRJ022,Milestone 17,2026-01-05,,Pending
PRJ022-M18,PRJ022,Milestone 18,2026-03-06,,Pending
PRJ022-M19,PRJ022,Milestone 19,2026-05-05,,Pending
PRJ022-M20,PRJ022,Milestone 20,2026-07-04,,Pending
PRJ022-M21,PRJ022,Milestone 21,2026-09-02,,Pending
PRJ022-M22,PRJ022,Milestone 22,2026-11-01,,Pending
PRJ022-M23,PRJ022,Milestone 23,2026-12-31,,Pending
PRJ022-M24,PRJ022,Milestone 24,2027-03-01,,Pending
PRJ023-M01,PRJ023,Milestone 1,2024-05-30,2024-06-10,Completed
PRJ023-M02,PRJ023,Milestone 2,2024-07-29,2024-08-10,Completed
PRJ023-M03,PRJ023,Milestone 3,2024-09-27,2024-09-28,Completed
PRJ023-M04,PRJ023,Milestone 4,2024-11-26,2024-11-18,Completed
PRJ023-M05,PRJ023,Milestone 5,2025-01-25,2025-02-09,Completed
PRJ023-M06,PRJ023,Milestone 6,2025-03-26,2025-04-02,Completed
PRJ023-M07,PRJ023,Milestone 7,2025-05-25,2025-05-27,Completed
PRJ023-M08,PRJ023,Milestone 8,2025-07-24,2025-07-20,Completed
PRJ023-M09,PRJ023,Milestone 9,2025-09-22,2025-09-25,Completed
PRJ023-M10,PRJ023,Milestone 10,2025-11-21,,Pending
PRJ023-M11,PRJ023,Milestone 11,2026-01-20,,Pending
PRJ023-M12,PRJ023,Milestone 12,2026-03-21,,Pending
PRJ023-M13,PRJ023,Milestone 13,2026-05-20,,Pending
PRJ023-M14,PRJ023,Milestone 14,2026-07-19,,Pending
PRJ024-M01,PRJ024,Milestone 1,2024-01-20,2024-01-16,Completed
PRJ024-M02,PRJ024,Milestone 2,2024-03-20,2024-03-25,Completed
PRJ024-M03,PRJ024,Milestone 3,2024-05-19,2024-05-17,Completed
PRJ024-M04,PRJ024,Milestone 4,2024-07-18,2024-07-18,Completed
PRJ024-M05,PRJ024,Milestone 5,2024-09-16,2024-09-15,Completed
PRJ024-M06,PRJ024,Milestone 6,2024-11-15,2024-11-15,Completed
PRJ024-M07,PRJ024,Milestone 7,2025-01-14,2025-01-21,Completed
PRJ024-M08,PRJ024,Milestone 8,2025-03-15,2025-03-23,Completed
PRJ024-M09,PRJ024,Milestone 9,2025-05-14,2025-05-08,Completed
PRJ024-M10,PRJ024,Milestone 10,2025-07-13,2025-07-21,Completed
PRJ024-M11,PRJ024,Milestone 11,2025-09-11,2025-09-16,Completed
PRJ024-M12,PRJ024,Milestone 12,2025-11-10,2025-11-25,Completed
PRJ025-M01,PRJ025,Milestone 1,2024-06-27,2024-06-27,Completed
PRJ025-M02,PRJ025,Milestone 2,2024-08-26,2024-09-06,Completed
PRJ025-M03,PRJ025,Milestone 3,2024-10-25,2024-11-08,Completed
PRJ025-M04,PRJ025,Milestone 4,2024-12-24,2024-12-15,Completed
PRJ025-M05,PRJ025,Milestone 5,2025-02-22,2025-02-13,Completed
PRJ025-M06,PRJ025,Milestone 6,2025-04-23,2025-04-16,Completed
PRJ025-M07,PRJ025,Milestone 7,2025-06-22,2025-07-02,Completed
PRJ025-M08,PRJ025,Milestone 8,2025-08-21,2025-09-05,Completed
PRJ025-M09,PRJ025,Milestone 9,2025-10-20,,Pending
PRJ025-M10,PRJ025,Milestone 10,2025-12-19,,Pending
PRJ025-M11,PRJ025,Milestone 11,2026-02-17,,Pending
PRJ025-M12,PRJ025,Milestone 12,2026-04-18,,Pending
PRJ026-M01,PRJ026,Milestone 1,2023-08-30,2023-09-03,Completed
PRJ026-M02,PRJ026,Milestone 2,2023-10-29,2023-10-19,Completed
PRJ026-M03,PRJ026,Milestone 3,2023-12-28,2023-12-21,Completed
PRJ026-M04,PRJ026,Milestone 4,2024-02-26,2024-02-21,Completed
PRJ026-M05,PRJ026,Milestone 5,2024-04-26,2024-04-30,Completed
PRJ026-M06,PRJ026,Milestone 6,2024-06-25,,Pending
PRJ026-M07,PRJ026,Milestone 7,2024-08-24,,Pending
PRJ026-M08,PRJ026,Milestone 8,2024-10-23,,Pending
PRJ026-M09,PRJ026,Milestone 9,2024-12-22,,Pending
PRJ026-M10,PRJ026,Milestone 10,2025-02-20,,Pending
PRJ026-M11,PRJ026,Milestone 11,2025-04-21,,Pending
PRJ026-M12,PRJ026,Milestone 12,2025-06-20,,Pending
PRJ027-M01,PRJ027,Milestone 1,2024-04-05,2024-04-09,Completed
PRJ027-M02,PRJ027,Milestone 2,2024-06-04,2024-05-25,Completed
PRJ027-M03,PRJ027,Milestone 3,2024-08-03,2024-08-06,Completed
PRJ027-M04,PRJ027,Milestone 4,2024-10-02,2024-09-28,Completed
PRJ027-M05,PRJ027,Milestone 5,2024-12-01,2024-12-13,Completed
PRJ027-M06,PRJ027,Milestone 6,2025-01-30,2025-01-24,Completed
PRJ027-M07,PRJ027,Milestone 7,2025-03-31,2025-04-10,Completed
PRJ027-M08,PRJ027,Milestone 8,2025-05-30,,Pending
PRJ027-M09,PRJ027,Milestone 9,2025-07-29,,Pending
PRJ027-M10,PRJ027,Milestone 10,2025-09-27,,Pending
PRJ027-M11,PRJ027,Milestone 11,2025-11-26,,Pending
PRJ028-M01,PRJ028,Milestone 1,2023-06-24,2023-06-23,Completed
PRJ028-M02,PRJ028,Milestone 2,2023-08-23,2023-08-18,Completed
PRJ028-M03,PRJ028,Milestone 3,2023-10-22,2023-10-20,Completed
PRJ028-M04,PRJ028,Milestone 4,2023-12-21,2023-12-13,Completed
PRJ028-M05,PRJ028,Milestone 5,2024-02-19,,Pending
PRJ028-M06,PRJ028,Milestone 6,2024-04-19,,Pending
PRJ028-M07,PRJ028,Milestone 7,2024-06-18,,Pending
PRJ028-M08,PRJ028,Milestone 8,2024-08-17,,Pending
PRJ028-M09,PRJ028,Milestone 9,2024-10-16,,Pending
PRJ028-M10,PRJ028,Milestone 10,2024-12-15,,Pending
PRJ029-M01,PRJ029,Milestone 1,2024-05-24,2024-06-03,Completed
PRJ029-M02,PRJ029,Milestone 2,2024-07-23,2024-07-24,Completed
PRJ029-M03,PRJ029,Milestone 3,2024-09-21,2024-09-19,Completed
PRJ029-M04,PRJ029,Milestone 4,2024-11-20,2024-11-12,Completed
PRJ029-M05,PRJ029,Milestone 5,2025-01-19,2025-01-20,Completed
PRJ029-M06,PRJ029,Milestone 6,2025-03-20,2025-03-31,Completed
PRJ029-M07,PRJ029,Milestone 7,2025-05-19,2025-05-29,Completed
PRJ029-M08,PRJ029,Milestone 8,2025-07-18,2025-07-13,Completed
PRJ029-M09,PRJ029,Milestone 9,2025-09-16,2025-09-07,Completed
PRJ029-M10,PRJ029,Milestone 10,2025-11-15,2025-11-17,Completed
PRJ029-M11,PRJ029,Milestone 11,2026-01-14,2026-01-24,Completed
PRJ029-M12,PRJ029,Milestone 12,2026-03-15,2026-03-14,Completed
PRJ029-M13,PRJ029,Milestone 13,2026-05-14,2026-05-27,Completed
PRJ029-M14,PRJ029,Milestone 14,2026-07-13,2026-07-25,Completed
PRJ029-M15,PRJ029,Milestone 15,2026-09-11,2026-09-25,Completed
PRJ029-M16,PRJ029,Milestone 16,2026-11-10,2026-11-07,Completed
PRJ029-M17,PRJ029,Milestone 17,2027-01-09,,Pending
PRJ029-M18,PRJ029,Milestone 18,2027-03-10,,Pending
PRJ029-M19,PRJ029,Milestone 19,2027-05-09,,Pending
PRJ029-M20,PRJ029,Milestone 20,2027-07-08,,Pending
PRJ029-M21,PRJ029,Milestone 21,2027-09-06,,Pending
PRJ030-M01,PRJ030,Milestone 1,2023-07-10,2023-07-13,Completed
PRJ030-M02,PRJ030,Milestone 2,2023-09-08,2023-09-18,Completed
PRJ030-M03,PRJ030,Milestone 3,2023-11-07,2023-10-30,Completed
PRJ030-M04,PRJ030,Milestone 4,2024-01-06,2024-01-18,Completed
PRJ030-M05,PRJ030,Milestone 5,2024-03-06,2024-02-28,Completed
PRJ030-M06,PRJ030,Milestone 6,2024-05-05,2024-04-25,Completed
PRJ030-M07,PRJ030,Milestone 7,2024-07-04,2024-06-30,Completed
PRJ030-M08,PRJ030,Milestone 8,2024-09-02,2024-09-07,Completed
PRJ030-M09,PRJ030,Milestone 9,2024-11-01,2024-10-24,Completed
PRJ030-M10,PRJ030,Milestone 10,2024-12-31,2024-12-25,Completed
PRJ030-M11,PRJ030,Milestone 11,2025-03-01,2025-03-09,Completed
PRJ030-M12,PRJ030,Milestone 12,2025-04-30,2025-04-27,Completed
PRJ030-M13,PRJ030,Milestone 13,2025-06-29,2025-07-05,Completed
PRJ030-M14,PRJ030,Milestone 14,2025-08-28,2025-09-08,Completed
PRJ030-M15,PRJ030,Milestone 15,2025-10-27,2025-10-31,Completed
PRJ030-M16,PRJ030,Milestone 16,2025-12-26,2025-12-16,Completed
PRJ030-M17,PRJ030,Milestone 17,2026-02-24,2026-02-14,Completed
PRJ030-M18,PRJ030,Milestone 18,2026-04-25,2026-05-07,Completed
PRJ030-M19,PRJ030,Milestone 19,2026-06-24,2026-06-24,Completed
PRJ030-M20,PRJ030,Milestone 20,2026-08-23,2026-08-16,Completed
PRJ030-M21,PRJ030,Milestone 21,2026-10-22,2026-10-25,Completed
PRJ030-M22,PRJ030,Milestone 22,2026-12-21,2027-01-02,Completed
PRJ030-M23,PRJ030,Milestone 23,2027-02-19,2027-02-13,Completed
PRJ030-M24,PRJ030,Milestone 24,2027-04-20,2027-04-25,Completed
PRJ030-M25,PRJ030,Milestone 25,2027-06-19,2027-06-11,Completed
PRJ031-M01,PRJ031,Milestone 1,2024-03-04,2024-03-01,Completed
PRJ031-M02,PRJ031,Milestone 2,2024-05-03,2024-05-05,Completed
PRJ031-M03,PRJ031,Milestone 3,2024-07-02,2024-06-24,Completed
PRJ031-M04,PRJ031,Milestone 4,2024-08-31,2024-09-13,Completed
PRJ031-M05,PRJ031,Milestone 5,2024-10-30,2024-11-14,Completed
PRJ031-M06,PRJ031,Milestone 6,2024-12-29,2024-12-22,Completed
PRJ031-M07,PRJ031,Milestone 7,2025-02-27,2025-02-20,Completed
PRJ031-M08,PRJ031,Milestone 8,2025-04-28,2025-04-28,Completed
PRJ031-M09,PRJ031,Milestone 9,2025-06-27,2025-06-28,Completed
PRJ031-M10,PRJ031,Milestone 10,2025-08-26,2025-08-25,Completed
PRJ031-M11,PRJ031,Milestone 11,2025-10-25,2025-10-19,Completed
PRJ031-M12,PRJ031,Milestone 12,2025-12-24,2025-12-26,Completed
PRJ031-M13,PRJ031,Milestone 13,2026-02-22,2026-03-08,Completed
PRJ031-M14,PRJ031,Milestone 14,2026-04-23,2026-05-07,Completed
PRJ031-M15,PRJ031,Milestone 15,2026-06-22,,Pending
PRJ031-M16,PRJ031,Milestone 16,2026-08-21,,Pending
PRJ031-M17,PRJ031,Milestone 17,2026-10-20,,Pending
PRJ031-M18,PRJ031,Milestone 18,2026-12-19,,Pending
PRJ031-M19,PRJ031,Milestone 19,2027-02-17,,Pending
PRJ031-M20,PRJ031,Milestone 20,2027-04-18,,Pending
PRJ032-M01,PRJ032,Milestone 1,2023-09-25,2023-09-19,Completed
PRJ032-M02,PRJ032,Milestone 2,2023-11-24,2023-12-04,Completed
PRJ032-M03,PRJ032,Milestone 3,2024-01-23,2024-02-03,Completed
PRJ032-M04,PRJ032,Milestone 4,2024-03-23,2024-03-17,Completed
PRJ032-M05,PRJ032,Milestone 5,2024-05-22,2024-05-14,Completed
PRJ032-M06,PRJ032,Milestone 6,2024-07-21,2024-07-27,Completed
PRJ032-M07,PRJ032,Milestone 7,2024-09-19,2024-09-27,Completed
PRJ032-M08,PRJ032,Milestone 8,2024-11-18,2024-11-08,Completed
PRJ032-M09,PRJ032,Milestone 9,2025-01-17,2025-01-26,Completed
PRJ032-M10,PRJ032,Milestone 10,2025-03-18,2025-03-28,Completed
PRJ032-M11,PRJ032,Milestone 11,2025-05-17,2025-05-12,Completed
PRJ032-M12,PRJ032,Milestone 12,2025-07-16,2025-07-20,Completed
PRJ032-M13,PRJ032,Milestone 13,2025-09-14,2025-09-15,Completed
PRJ032-M14,PRJ032,Milestone 14,2025-11-13,2025-11-26,Completed
PRJ032-M15,PRJ032,Milestone 15,2026-01-12,2026-01-08,Completed
PRJ032-M16,PRJ032,Milestone 16,2026-03-13,2026-03-23,Completed
PRJ032-M17,PRJ032,Milestone 17,2026-05-12,2026-05-25,Completed
PRJ032-M18,PRJ032,Milestone 18,2026-07-11,2026-07-05,Completed
PRJ032-M19,PRJ032,Milestone 19,2026-09-09,2026-09-12,Completed
PRJ032-M20,PRJ032,Milestone 20,2026-11-08,2026-11-17,Completed
PRJ032-M21,PRJ032,Milestone 21,2027-01-07,,Pending
PRJ033-M01,PRJ033,Milestone 1,2023-07-25,2023-08-05,Completed
PRJ033-M02,PRJ033,Milestone 2,2023-09-23,2023-09-27,Completed
PRJ033-M03,PRJ033,Milestone 3,2023-11-22,2023-11-18,Completed
PRJ033-M04,PRJ033,Milestone 4,2024-01-21,2024-01-13,Completed
PRJ033-M05,PRJ033,Milestone 5,2024-03-21,2024-03-14,Completed
PRJ033-M06,PRJ033,Milestone 6,2024-05-20,2024-05-14,Completed
PRJ033-M07,PRJ033,Milestone 7,2024-07-19,2024-08-02,Completed
PRJ033-M08,PRJ033,Milestone 8,2024-09-17,2024-09-10,Completed
PRJ033-M09,PRJ033,Milestone 9,2024-11-16,2024-11-24,Completed
PRJ033-M10,PRJ033,Milestone 10,2025-01-15,2025-01-28,Completed
PRJ033-M11,PRJ033,Milestone 11,2025-03-16,2025-03-18,Completed
PRJ033-M12,PRJ033,Milestone 12,2025-05-15,2025-05-16,Completed
PRJ033-M13,PRJ033,Milestone 13,2025-07-14,2025-07-17,Completed
PRJ033-M14,PRJ033,Milestone 14,2025-09-12,2025-09-12,Completed
PRJ033-M15,PRJ033,Milestone 15,2025-11-11,2025-11-26,Completed
PRJ034-M01,PRJ034,Milestone 1,2023-10-21,2023-10-15,Completed
PRJ034-M02,PRJ034,Milestone 2,2023-12-20,2023-12-17,Completed
PRJ034-M03,PRJ034,Milestone 3,2024-02-18,2024-02-16,Completed
PRJ034-M04,PRJ034,Milestone 4,2024-04-18,2024-04-28,Completed
PRJ034-M05,PRJ034,Milestone 5,2024-06-17,2024-06-09,Completed
PRJ034-M06,PRJ034,Milestone 6,2024-08-16,2024-08-13,Completed
PRJ034-M07,PRJ034,Milestone 7,2024-10-15,2024-10-22,Completed
PRJ034-M08,PRJ034,Milestone 8,2024-12-14,2024-12-23,Completed
PRJ034-M09,PRJ034,Milestone 9,2025-02-12,2025-02-21,Completed
PRJ034-M10,PRJ034,Milestone 10,2025-04-13,2025-04-26,Completed
PRJ034-M11,PRJ034,Milestone 11,2025-06-12,2025-06-21,Completed
PRJ034-M12,PRJ034,Milestone 12,2025-08-11,2025-08-10,Completed
PRJ034-M13,PRJ034,Milestone 13,2025-10-10,2025-10-24,Completed
PRJ034-M14,PRJ034,Milestone 14,2025-12-09,2025-12-21,Completed
PRJ034-M15,PRJ034,Milestone 15,2026-02-07,2026-01-28,Completed
PRJ034-M16,PRJ034,Milestone 16,2026-04-08,2026-04-19,Completed
PRJ034-M17,PRJ034,Milestone 17,2026-06-07,2026-06-06,Completed
PRJ034-M18,PRJ034,Milestone 18,2026-08-06,,Pending
PRJ034-M19,PRJ034,Milestone 19,2026-10-05,,Pending
PRJ034-M20,PRJ034,Milestone 20,2026-12-04,,Pending
PRJ035-M01,PRJ035,Milestone 1,2024-04-16,2024-04-12,Completed
PRJ035-M02,PRJ035,Milestone 2,2024-06-15,2024-06-21,Completed
PRJ035-M03,PRJ035,Milestone 3,2024-08-14,2024-08-23,Completed
PRJ035-M04,PRJ035,Milestone 4,2024-10-13,2024-10-19,Completed
PRJ035-M05,PRJ035,Milestone 5,2024-12-12,2024-12-08,Completed
PRJ035-M06,PRJ035,Milestone 6,2025-02-10,2025-02-23,Completed
PRJ035-M07,PRJ035,Milestone 7,2025-04-11,2025-04-13,Completed
PRJ035-M08,PRJ035,Milestone 8,2025-06-10,2025-06-09,Completed
PRJ035-M09,PRJ035,Milestone 9,2025-08-09,,Pending
PRJ035-M10,PRJ035,Milestone 10,2025-10-08,,Pending
PRJ035-M11,PRJ035,Milestone 11,2025-12-07,,Pending
PRJ036-M01,PRJ036,Milestone 1,2024-04-30,2024-05-10,Completed
PRJ036-M02,PRJ036,Milestone 2,2024-06-29,2024-06-20,Completed
PRJ036-M03,PRJ036,Milestone 3,2024-08-28,2024-09-12,Completed
PRJ036-M04,PRJ036,Milestone 4,2024-10-27,2024-11-11,Completed
PRJ036-M05,PRJ036,Milestone 5,2024-12-26,2024-12-23,Completed
PRJ036-M06,PRJ036,Milestone 6,2025-02-24,2025-03-01,Completed
PRJ036-M07,PRJ036,Milestone 7,2025-04-25,2025-04-27,Completed
PRJ036-M08,PRJ036,Milestone 8,2025-06-24,2025-06-17,Completed
PRJ036-M09,PRJ036,Milestone 9,2025-08-23,2025-08-20,Completed
PRJ036-M10,PRJ036,Milestone 10,2025-10-22,2025-10-27,Completed
PRJ036-M11,PRJ036,Milestone 11,2025-12-21,2025-12-31,Completed
PRJ036-M12,PRJ036,Milestone 12,2026-02-19,2026-02-28,Completed
PRJ036-M13,PRJ036,Milestone 13,2026-04-20,2026-04-12,Completed
PRJ036-M14,PRJ036,Milestone 14,2026-06-19,2026-06-25,Completed
PRJ036-M15,PRJ036,Milestone 15,2026-08-18,2026-08-08,Completed
PRJ037-M01,PRJ037,Milestone 1,2024-03-01,2024-03-02,Completed
PRJ037-M02,PRJ037,Milestone 2,2024-04-30,2024-04-30,Completed
PRJ037-M03,PRJ037,Milestone 3,2024-06-29,2024-06-23,Completed
PRJ037-M04,PRJ037,Milestone 4,2024-08-28,2024-08-30,Completed
PRJ037-M05,PRJ037,Milestone 5,2024-10-27,2024-11-04,Completed
PRJ037-M06,PRJ037,Milestone 6,2024-12-26,2024-12-29,Completed
PRJ037-M07,PRJ037,Milestone 7,2025-02-24,2025-02-25,Completed
PRJ037-M08,PRJ037,Milestone 8,2025-04-25,2025-05-02,Completed
PRJ037-M09,PRJ037,Milestone 9,2025-06-24,2025-07-05,Completed
PRJ037-M10,PRJ037,Milestone 10,2025-08-23,2025-08-18,Completed
PRJ037-M11,PRJ037,Milestone 11,2025-10-22,2025-11-05,Completed
PRJ037-M12,PRJ037,Milestone 12,2025-12-21,2025-12-26,Completed
PRJ037-M13,PRJ037,Milestone 13,2026-02-19,2026-03-05,Completed
PRJ037-M14,PRJ037,Milestone 14,2026-04-20,2026-04-12,Completed
PRJ037-M15,PRJ037,Milestone 15,2026-06-19,2026-06-09,Completed
PRJ037-M16,PRJ037,Milestone 16,2026-08-18,2026-08-26,Completed
PRJ037-M17,PRJ037,Milestone 17,2026-10-17,,Pending
PRJ037-M18,PRJ037,Milestone 18,2026-12-16,,Pending
PRJ037-M19,PRJ037,Milestone 19,2027-02-14,,Pending
PRJ037-M20,PRJ037,Milestone 20,2027-04-15,,Pending
PRJ037-M21,PRJ037,Milestone 21,2027-06-14,,Pending
PRJ037-M22,PRJ037,Milestone 22,2027-08-13,,Pending
PRJ037-M23,PRJ037,Milestone 23,2027-10-12,,Pending
PRJ037-M24,PRJ037,Milestone 24,2027-12-11,,Pending
PRJ037-M25,PRJ037,Milestone 25,2028-02-09,,Pending
PRJ038-M01,PRJ038,Milestone 1,2023-09-26,2023-09-18,Completed
PRJ038-M02,PRJ038,Milestone 2,2023-11-25,2023-11-15,Completed
PRJ038-M03,PRJ038,Milestone 3,2024-01-24,2024-01-22,Completed
PRJ038-M04,PRJ038,Milestone 4,2024-03-24,2024-03-20,Completed
PRJ038-M05,PRJ038,Milestone 5,2024-05-23,2024-05-14,Completed
PRJ038-M06,PRJ038,Milestone 6,2024-07-22,2024-07-13,Completed
PRJ038-M07,PRJ038,Milestone 7,2024-09-20,2024-10-05,Completed
PRJ038-M08,PRJ038,Milestone 8,2024-11-19,2024-11-21,Completed
PRJ038-M09,PRJ038,Milestone 9,2025-01-18,2025-01-24,Completed
PRJ038-M10,PRJ038,Milestone 10,2025-03-19,2025-03-18,Completed
PRJ038-M11,PRJ038,Milestone 11,2025-05-18,2025-05-28,Completed
PRJ038-M12,PRJ038,Milestone 12,2025-07-17,2025-07-29,Completed
PRJ038-M13,PRJ038,Milestone 13,2025-09-15,2025-09-21,Completed
PRJ038-M14,PRJ038,Milestone 14,2025-11-14,2025-11-28,Completed
PRJ038-M15,PRJ038,Milestone 15,2026-01-13,2026-01-16,Completed
PRJ038-M16,PRJ038,Milestone 16,2026-03-14,2026-03-17,Completed
PRJ038-M17,PRJ038,Milestone 17,2026-05-13,2026-05-25,Completed
PRJ038-M18,PRJ038,Milestone 18,2026-07-12,,Pending
PRJ038-M19,PRJ038,Milestone 19,2026-09-10,,Pending
PRJ038-M20,PRJ038,Milestone 20,2026-11-09,,Pending
PRJ038-M21,PRJ038,Milestone 21,2027-01-08,,Pending
PRJ039-M01,PRJ039,Milestone 1,2023-03-05,2023-03-07,Completed
PRJ039-M02,PRJ039,Milestone 2,2023-05-04,2023-04-26,Completed
PRJ039-M03,PRJ039,Milestone 3,2023-07-03,2023-07-13,Completed
PRJ039-M04,PRJ039,Milestone 4,2023-09-01,2023-09-08,Completed
PRJ039-M05,PRJ039,Milestone 5,2023-10-31,2023-11-07,Completed
PRJ039-M06,PRJ039,Milestone 6,2023-12-30,2024-01-08,Completed
PRJ039-M07,PRJ039,Milestone 7,2024-02-28,2024-02-22,Completed
PRJ039-M08,PRJ039,Milestone 8,2024-04-28,2024-04-26,Completed
PRJ039-M09,PRJ039,Milestone 9,2024-06-27,2024-06-19,Completed
PRJ039-M10,PRJ039,Milestone 10,2024-08-26,2024-08-25,Completed
PRJ039-M11,PRJ039,Milestone 11,2024-10-25,2024-10-17,Completed
PRJ039-M12,PRJ039,Milestone 12,2024-12-24,2024-12-30,Completed
PRJ039-M13,PRJ039,Milestone 13,2025-02-22,2025-02-18,Completed
PRJ039-M14,PRJ039,Milestone 14,2025-04-23,2025-05-08,Completed
PRJ039-M15,PRJ039,Milestone 15,2025-06-22,2025-06-16,Completed
PRJ039-M16,PRJ039,Milestone 16,2025-08-21,2025-08-28,Completed
PRJ039-M17,PRJ039,Milestone 17,2025-10-20,2025-10-20,Completed
PRJ039-M18,PRJ039,Milestone 18,2025-12-19,2025-12-21,Completed
PRJ039-M19,PRJ039,Milestone 19,2026-02-17,2026-02-25,Completed
PRJ039-M20,PRJ039,Milestone 20,2026-04-18,,Pending
PRJ039-M21,PRJ039,Milestone 21,2026-06-17,,Pending
PRJ040-M01,PRJ040,Milestone 1,2023-10-11,2023-10-21,Completed
PRJ040-M02,PRJ040,Milestone 2,2023-12-10,2023-12-24,Completed
PRJ040-M03,PRJ040,Milestone 3,2024-02-08,2024-02-18,Completed
PRJ040-M04,PRJ040,Milestone 4,2024-04-08,2024-04-19,Completed
PRJ040-M05,PRJ040,Milestone 5,2024-06-07,2024-06-17,Completed
PRJ040-M06,PRJ040,Milestone 6,2024-08-06,2024-07-29,Completed
PRJ040-M07,PRJ040,Milestone 7,2024-10-05,2024-10-04,Completed
PRJ040-M08,PRJ040,Milestone 8,2024-12-04,2024-12-16,Completed
PRJ040-M09,PRJ040,Milestone 9,2025-02-02,2025-02-05,Completed
PRJ040-M10,PRJ040,Milestone 10,2025-04-03,2025-04-16,Completed
PRJ040-M11,PRJ040,Milestone 11,2025-06-02,2025-05-30,Completed
PRJ040-M12,PRJ040,Milestone 12,2025-08-01,2025-07-23,Completed
PRJ040-M13,PRJ040,Milestone 13,2025-09-30,,Pending
PRJ040-M14,PRJ040,Milestone 14,2025-11-29,,Pending
PRJ040-M15,PRJ040,Milestone 15,2026-01-28,,Pending
PRJ040-M16,PRJ040,Milestone 16,2026-03-29,,Pending
PRJ040-M17,PRJ040,Milestone 17,2026-05-28,,Pending
PRJ040-M18,PRJ040,Milestone 18,2026-07-27,,Pending
PRJ040-M19,PRJ040,Milestone 19,2026-09-25,,Pending
PRJ040-M20,PRJ040,Milestone 20,2026-11-24,,Pending
PRJ041-M01,PRJ041,Milestone 1,2023-04-13,2023-04-10,Completed
PRJ041-M02,PRJ041,Milestone 2,2023-06-12,2023-06-04,Completed
PRJ041-M03,PRJ041,Milestone 3,2023-08-11,2023-08-14,Completed
PRJ041-M04,PRJ041,Milestone 4,2023-10-10,2023-10-03,Completed
PRJ041-M05,PRJ041,Milestone 5,2023-12-09,2023-12-13,Completed
PRJ041-M06,PRJ041,Milestone 6,2024-02-07,2024-02-16,Completed
PRJ041-M07,PRJ041,Milestone 7,2024-04-07,2024-04-16,Completed
PRJ041-M08,PRJ041,Milestone 8,2024-06-06,2024-05-28,Completed
PRJ041-M09,PRJ041,Milestone 9,2024-08-05,2024-08-04,Completed
PRJ041-M10,PRJ041,Milestone 10,2024-10-04,2024-10-15,Completed
PRJ041-M11,PRJ041,Milestone 11,2024-12-03,2024-12-16,Completed
PRJ041-M12,PRJ041,Milestone 12,2025-02-01,2025-02-12,Completed
PRJ041-M13,PRJ041,Milestone 13,2025-04-02,,Pending
PRJ041-M14,PRJ041,Milestone 14,2025-06-01,,Pending
PRJ041-M15,PRJ041,Milestone 15,2025-07-31,,Pending
PRJ041-M16,PRJ041,Milestone 16,2025-09-29,,Pending
PRJ042-M01,PRJ042,Milestone 1,2023-10-28,2023-11-10,Completed
PRJ042-M02,PRJ042,Milestone 2,2023-12-27,2023-12-22,Completed
PRJ042-M03,PRJ042,Milestone 3,2024-02-25,2024-02-18,Completed
PRJ042-M04,PRJ042,Milestone 4,2024-04-25,2024-04-15,Completed
PRJ042-M05,PRJ042,Milestone 5,2024-06-24,2024-07-06,Completed
PRJ042-M06,PRJ042,Milestone 6,2024-08-23,2024-08-17,Completed
PRJ042-M07,PRJ042,Milestone 7,2024-10-22,2024-11-03,Completed
PRJ042-M08,PRJ042,Milestone 8,2024-12-21,2024-12-11,Completed
PRJ042-M09,PRJ042,Milestone 9,2025-02-19,2025-02-14,Completed
PRJ042-M10,PRJ042,Milestone 10,2025-04-20,2025-04-25,Completed
PRJ042-M11,PRJ042,Milestone 11,2025-06-19,2025-06-20,Completed
PRJ042-M12,PRJ042,Milestone 12,2025-08-18,2025-08-24,Completed
PRJ042-M13,PRJ042,Milestone 13,2025-10-17,,Pending
PRJ042-M14,PRJ042,Milestone 14,2025-12-16,,Pending
PRJ042-M15,PRJ042,Milestone 15,2026-02-14,,Pending
PRJ042-M16,PRJ042,Milestone 16,2026-04-15,,Pending
PRJ042-M17,PRJ042,Milestone 17,2026-06-14,,Pending
PRJ042-M18,PRJ042,Milestone 18,2026-08-13,,Pending
PRJ042-M19,PRJ042,Milestone 19,2026-10-12,,Pending
PRJ043-M01,PRJ043,Milestone 1,2024-01-14,2024-01-20,Completed
PRJ043-M02,PRJ043,Milestone 2,2024-03-14,2024-03-29,Completed
PRJ043-M03,PRJ043,Milestone 3,2024-05-13,2024-05-26,Completed
PRJ043-M04,PRJ043,Milestone 4,2024-07-12,2024-07-10,Completed
PRJ043-M05,PRJ043,Milestone 5,2024-09-10,2024-09-05,Completed
PRJ043-M06,PRJ043,Milestone 6,2024-11-09,2024-11-10,Completed
PRJ043-M07,PRJ043,Milestone 7,2025-01-08,2025-01-02,Completed
PRJ043-M08,PRJ043,Milestone 8,2025-03-09,2025-03-22,Completed
PRJ043-M09,PRJ043,Milestone 9,2025-05-08,2025-05-22,Completed
PRJ043-M10,PRJ043,Milestone 10,2025-07-07,2025-07-05,Completed
PRJ043-M11,PRJ043,Milestone 11,2025-09-05,2025-09-18,Completed
PRJ043-M12,PRJ043,Milestone 12,2025-11-04,,Pending
PRJ043-M13,PRJ043,Milestone 13,2026-01-03,,Pending
PRJ043-M14,PRJ043,Milestone 14,2026-03-04,,Pending
PRJ044-M01,PRJ044,Milestone 1,2023-04-26,2023-04-19,Completed
PRJ044-M02,PRJ044,Milestone 2,2023-06-25,2023-07-09,Completed
PRJ044-M03,PRJ044,Milestone 3,2023-08-24,2023-08-14,Completed
PRJ044-M04,PRJ044,Milestone 4,2023-10-23,2023-10-23,Completed
PRJ044-M05,PRJ044,Milestone 5,2023-12-22,2024-01-06,Completed
PRJ044-M06,PRJ044,Milestone 6,2024-02-20,2024-02-23,Completed
PRJ044-M07,PRJ044,Milestone 7,2024-04-20,2024-04-18,Completed
PRJ044-M08,PRJ044,Milestone 8,2024-06-19,2024-06-25,Completed
PRJ044-M09,PRJ044,Milestone 9,2024-08-18,2024-08-10,Completed
PRJ044-M10,PRJ044,Milestone 10,2024-10-17,2024-10-15,Completed
PRJ044-M11,PRJ044,Milestone 11,2024-12-16,2024-12-28,Completed
PRJ044-M12,PRJ044,Milestone 12,2025-02-14,2025-02-22,Completed
PRJ044-M13,PRJ044,Milestone 13,2025-04-15,2025-04-25,Completed
PRJ044-M14,PRJ044,Milestone 14,2025-06-14,2025-06-06,Completed
PRJ044-M15,PRJ044,Milestone 15,2025-08-13,2025-08-18,Completed
PRJ044-M16,PRJ044,Milestone 16,2025-10-12,2025-10-16,Completed
PRJ044-M17,PRJ044,Milestone 17,2025-12-11,,Pending
PRJ044-M18,PRJ044,Milestone 18,2026-02-09,,Pending
PRJ044-M19,PRJ044,Milestone 19,2026-04-10,,Pending
PRJ044-M20,PRJ044,Milestone 20,2026-06-09,,Pending
PRJ045-M01,PRJ045,Milestone 1,2024-04-12,2024-04-18,Completed
PRJ045-M02,PRJ045,Milestone 2,2024-06-11,2024-06-12,Completed
PRJ045-M03,PRJ045,Milestone 3,2024-08-10,2024-08-01,Completed
PRJ045-M04,PRJ045,Milestone 4,2024-10-09,2024-10-14,Completed
PRJ045-M05,PRJ045,Milestone 5,2024-12-08,2024-12-16,Completed
PRJ045-M06,PRJ045,Milestone 6,2025-02-06,2025-02-01,Completed
PRJ045-M07,PRJ045,Milestone 7,2025-04-07,2025-04-08,Completed
PRJ045-M08,PRJ045,Milestone 8,2025-06-06,2025-06-01,Completed
PRJ045-M09,PRJ045,Milestone 9,2025-08-05,2025-08-03,Completed
PRJ045-M10,PRJ045,Milestone 10,2025-10-04,2025-10-18,Completed
PRJ045-M11,PRJ045,Milestone 11,2025-12-03,,Pending
PRJ045-M12,PRJ045,Milestone 12,2026-02-01,,Pending
PRJ045-M13,PRJ045,Milestone 13,2026-04-02,,Pending
PRJ045-M14,PRJ045,Milestone 14,2026-06-01,,Pending
PRJ045-M15,PRJ045,Milestone 15,2026-07-31,,Pending
PRJ045-M16,PRJ045,Milestone 16,2026-09-29,,Pending
PRJ045-M17,PRJ045,Milestone 17,2026-11-28,,Pending
PRJ045-M18,PRJ045,Milestone 18,2027-01-27,,Pending
PRJ045-M19,PRJ045,Milestone 19,2027-03-28,,Pending
PRJ046-M01,PRJ046,Milestone 1,2024-07-05,2024-06-28,Completed
PRJ046-M02,PRJ046,Milestone 2,2024-09-03,2024-09-11,Completed
PRJ046-M03,PRJ046,Milestone 3,2024-11-02,2024-11-13,Completed
PRJ046-M04,PRJ046,Milestone 4,2025-01-01,2025-01-14,Completed
PRJ046-M05,PRJ046,Milestone 5,2025-03-02,2025-02-23,Completed
PRJ046-M06,PRJ046,Milestone 6,2025-05-01,2025-04-28,Completed
PRJ046-M07,PRJ046,Milestone 7,2025-06-30,2025-07-13,Completed
PRJ046-M08,PRJ046,Milestone 8,2025-08-29,2025-09-04,Completed
PRJ046-M09,PRJ046,Milestone 9,2025-10-28,2025-10-18,Completed
PRJ046-M10,PRJ046,Milestone 10,2025-12-27,2025-12-18,Completed
PRJ046-M11,PRJ046,Milestone 11,2026-02-25,2026-02-15,Completed
PRJ046-M12,PRJ046,Milestone 12,2026-04-26,2026-04-23,Completed
PRJ046-M13,PRJ046,Milestone 13,2026-06-25,2026-06-16,Completed
PRJ046-M14,PRJ046,Milestone 14,2026-08-24,,Pending
PRJ046-M15,PRJ046,Milestone 15,2026-10-23,,Pending
PRJ046-M16,PRJ046,Milestone 16,2026-12-22,,Pending
PRJ046-M17,PRJ046,Milestone 17,2027-02-20,,Pending
PRJ046-M18,PRJ046,Milestone 18,2027-04-21,,Pending
PRJ046-M19,PRJ046,Milestone 19,2027-06-20,,Pending
PRJ046-M20,PRJ046,Milestone 20,2027-08-19,,Pending
PRJ046-M21,PRJ046,Milestone 21,2027-10-18,,Pending
PRJ047-M01,PRJ047,Milestone 1,2024-04-27,2024-05-02,Completed
PRJ047-M02,PRJ047,Milestone 2,2024-06-26,2024-06-27,Completed
PRJ047-M03,PRJ047,Milestone 3,2024-08-25,2024-08-27,Completed
PRJ047-M04,PRJ047,Milestone 4,2024-10-24,2024-10-18,Completed
PRJ047-M05,PRJ047,Milestone 5,2024-12-23,,Pending
PRJ047-M06,PRJ047,Milestone 6,2025-02-21,,Pending
PRJ047-M07,PRJ047,Milestone 7,2025-04-22,,Pending
PRJ047-M08,PRJ047,Milestone 8,2025-06-21,,Pending
PRJ047-M09,PRJ047,Milestone 9,2025-08-20,,Pending
PRJ047-M10,PRJ047,Milestone 10,2025-10-19,,Pending
PRJ048-M01,PRJ048,Milestone 1,2023-06-03,2023-05-29,Completed
PRJ048-M02,PRJ048,Milestone 2,2023-08-02,2023-07-24,Completed
PRJ048-M03,PRJ048,Milestone 3,2023-10-01,2023-10-08,Completed
PRJ048-M04,PRJ048,Milestone 4,2023-11-30,2023-12-15,Completed
PRJ048-M05,PRJ048,Milestone 5,2024-01-29,2024-02-10,Completed
PRJ048-M06,PRJ048,Milestone 6,2024-03-29,2024-04-11,Completed
PRJ048-M07,PRJ048,Milestone 7,2024-05-28,2024-06-07,Completed
PRJ048-M08,PRJ048,Milestone 8,2024-07-27,2024-07-30,Completed
PRJ048-M09,PRJ048,Milestone 9,2024-09-25,2024-09-22,Completed
PRJ048-M10,PRJ048,Milestone 10,2024-11-24,2024-11-24,Completed
PRJ048-M11,PRJ048,Milestone 11,2025-01-23,2025-01-20,Completed
PRJ048-M12,PRJ048,Milestone 12,2025-03-24,2025-03-27,Completed
PRJ048-M13,PRJ048,Milestone 13,2025-05-23,2025-06-05,Completed
PRJ048-M14,PRJ048,Milestone 14,2025-07-22,2025-07-22,Completed
PRJ048-M15,PRJ048,Milestone 15,2025-09-20,,Pending
PRJ048-M16,PRJ048,Milestone 16,2025-11-19,,Pending
PRJ049-M01,PRJ049,Milestone 1,2024-02-18,2024-02-16,Completed
PRJ049-M02,PRJ049,Milestone 2,2024-04-18,,Pending
PRJ049-M03,PRJ049,Milestone 3,2024-06-17,,Pending
PRJ049-M04,PRJ049,Milestone 4,2024-08-16,,Pending
PRJ049-M05,PRJ049,Milestone 5,2024-10-15,,Pending
PRJ049-M06,PRJ049,Milestone 6,2024-12-14,,Pending
PRJ049-M07,PRJ049,Milestone 7,2025-02-12,,Pending
PRJ049-M08,PRJ049,Milestone 8,2025-04-13,,Pending
PRJ050-M01,PRJ050,Milestone 1,2023-10-05,2023-09-27,Completed
PRJ050-M02,PRJ050,Milestone 2,2023-12-04,2023-12-12,Completed
PRJ050-M03,PRJ050,Milestone 3,2024-02-02,2024-02-03,Completed
PRJ050-M04,PRJ050,Milestone 4,2024-04-02,2024-03-26,Completed
PRJ050-M05,PRJ050,Milestone 5,2024-06-01,2024-06-07,Completed
PRJ050-M06,PRJ050,Milestone 6,2024-07-31,2024-08-11,Completed
PRJ050-M07,PRJ050,Milestone 7,2024-09-29,2024-09-20,Completed
PRJ050-M08,PRJ050,Milestone 8,2024-11-28,2024-11-23,Completed
PRJ050-M09,PRJ050,Milestone 9,2025-01-27,2025-01-24,Completed
PRJ050-M10,PRJ050,Milestone 10,2025-03-28,2025-04-12,Completed
PRJ050-M11,PRJ050,Milestone 11,2025-05-27,2025-06-02,Completed
PRJ050-M12,PRJ050,Milestone 12,2025-07-26,,Pending
PRJ050-M13,PRJ050,Milestone 13,2025-09-24,,Pending
PRJ050-M14,PRJ050,Milestone 14,2025-11-23,,Pending
PRJ050-M15,PRJ050,Milestone 15,2026-01-22,,Pending
PRJ050-M16,PRJ050,Milestone 16,2026-03-23,,Pending
PRJ050-M17,PRJ050,Milestone 17,2026-05-22,,Pending
PRJ051-M01,PRJ051,Milestone 1,2023-06-20,2023-06-11,Completed
PRJ051-M02,PRJ051,Milestone 2,2023-08-19,2023-08-21,Completed
PRJ051-M03,PRJ051,Milestone 3,2023-10-18,2023-10-10,Completed
PRJ051-M04,PRJ051,Milestone 4,2023-12-17,2023-12-21,Completed
PRJ051-M05,PRJ051,Milestone 5,2024-02-15,2024-02-14,Completed
PRJ051-M06,PRJ051,Milestone 6,2024-04-15,2024-04-29,Completed
PRJ051-M07,PRJ051,Milestone 7,2024-06-14,2024-06-13,Completed
PRJ051-M08,PRJ051,Milestone 8,2024-08-13,2024-08-13,Completed
PRJ051-M09,PRJ051,Milestone 9,2024-10-12,2024-10-04,Completed
PRJ051-M10,PRJ051,Milestone 10,2024-12-11,2024-12-18,Completed
PRJ051-M11,PRJ051,Milestone 11,2025-02-09,2025-02-13,Completed
PRJ051-M12,PRJ051,Milestone 12,2025-04-10,2025-03-31,Completed
PRJ051-M13,PRJ051,Milestone 13,2025-06-09,2025-06-10,Completed
PRJ051-M14,PRJ051,Milestone 14,2025-08-08,2025-08-04,Completed
PRJ051-M15,PRJ051,Milestone 15,2025-10-07,2025-10-06,Completed
PRJ051-M16,PRJ051,Milestone 16,2025-12-06,2025-12-14,Completed
PRJ051-M17,PRJ051,Milestone 17,2026-02-04,2026-02-19,Completed
PRJ051-M18,PRJ051,Milestone 18,2026-04-05,2026-04-04,Completed
PRJ051-M19,PRJ051,Milestone 19,2026-06-04,2026-06-17,Completed
PRJ051-M20,PRJ051,Milestone 20,2026-08-03,2026-08-12,Completed
PRJ051-M21,PRJ051,Milestone 21,2026-10-02,2026-09-29,Completed
PRJ051-M22,PRJ051,Milestone 22,2026-12-01,2026-12-05,Completed
PRJ051-M23,PRJ051,Milestone 23,2027-01-30,2027-01-31,Completed
PRJ051-M24,PRJ051,Milestone 24,2027-03-31,,Pending
PRJ052-M01,PRJ052,Milestone 1,2023-03-09,2023-03-17,Completed
PRJ052-M02,PRJ052,Milestone 2,2023-05-08,2023-05-13,Completed
PRJ052-M03,PRJ052,Milestone 3,2023-07-07,2023-07-21,Completed
PRJ052-M04,PRJ052,Milestone 4,2023-09-05,2023-09-19,Completed
PRJ052-M05,PRJ052,Milestone 5,2023-11-04,2023-10-31,Completed
PRJ052-M06,PRJ052,Milestone 6,2024-01-03,2024-01-16,Completed
PRJ052-M07,PRJ052,Milestone 7,2024-03-03,2024-03-10,Completed
PRJ052-M08,PRJ052,Milestone 8,2024-05-02,2024-05-16,Completed
PRJ052-M09,PRJ052,Milestone 9,2024-07-01,2024-07-16,Completed
PRJ052-M10,PRJ052,Milestone 10,2024-08-30,2024-08-27,Completed
PRJ052-M11,PRJ052,Milestone 11,2024-10-29,2024-10-23,Completed
PRJ052-M12,PRJ052,Milestone 12,2024-12-28,2024-12-18,Completed
PRJ052-M13,PRJ052,Milestone 13,2025-02-26,2025-03-01,Completed
PRJ052-M14,PRJ052,Milestone 14,2025-04-27,2025-04-17,Completed
PRJ052-M15,PRJ052,Milestone 15,2025-06-26,2025-06-23,Completed
PRJ052-M16,PRJ052,Milestone 16,2025-08-25,2025-09-01,Completed
PRJ052-M17,PRJ052,Milestone 17,2025-10-24,2025-10-25,Completed
PRJ052-M18,PRJ052,Milestone 18,2025-12-23,2026-01-02,Completed
PRJ052-M19,PRJ052,Milestone 19,2026-02-21,2026-03-05,Completed
PRJ052-M20,PRJ052,Milestone 20,2026-04-22,,Pending
PRJ052-M21,PRJ052,Milestone 21,2026-06-21,,Pending
PRJ052-M22,PRJ052,Milestone 22,2026-08-20,,Pending
PRJ052-M23,PRJ052,Milestone 23,2026-10-19,,Pending
PRJ052-M24,PRJ052,Milestone 24,2026-12-18,,Pending
PRJ052-M25,PRJ052,Milestone 25,2027-02-16,,Pending
PRJ053-M01,PRJ053,Milestone 1,2023-10-28,2023-10-18,Completed
PRJ053-M02,PRJ053,Milestone 2,2023-12-27,2023-12-27,Completed
PRJ053-M03,PRJ053,Milestone 3,2024-02-25,2024-02-15,Completed
PRJ053-M04,PRJ053,Milestone 4,2024-04-25,2024-05-09,Completed
PRJ053-M05,PRJ053,Milestone 5,2024-06-24,2024-07-05,Completed
PRJ053-M06,PRJ053,Milestone 6,2024-08-23,2024-08-25,Completed
PRJ053-M07,PRJ053,Milestone 7,2024-10-22,2024-11-04,Completed
PRJ053-M08,PRJ053,Milestone 8,2024-12-21,2025-01-03,Completed
PRJ053-M09,PRJ053,Milestone 9,2025-02-19,2025-02-18,Completed
PRJ053-M10,PRJ053,Milestone 10,2025-04-20,2025-04-13,Completed
PRJ053-M11,PRJ053,Milestone 11,2025-06-19,2025-06-15,Completed
PRJ053-M12,PRJ053,Milestone 12,2025-08-18,2025-08-24,Completed
PRJ053-M13,PRJ053,Milestone 13,2025-10-17,2025-10-14,Completed
PRJ053-M14,PRJ053,Milestone 14,2025-12-16,,Pending
PRJ053-M15,PRJ053,Milestone 15,2026-02-14,,Pending
PRJ053-M16,PRJ053,Milestone 16,2026-04-15,,Pending
PRJ054-M01,PRJ054,Milestone 1,2024-04-20,2024-04-23,Completed
PRJ054-M02,PRJ054,Milestone 2,2024-06-19,2024-06-24,Completed
PRJ054-M03,PRJ054,Milestone 3,2024-08-18,2024-08-09,Completed
PRJ054-M04,PRJ054,Milestone 4,2024-10-17,2024-10-11,Completed
PRJ054-M05,PRJ054,Milestone 5,2024-12-16,2024-12-28,Completed
PRJ054-M06,PRJ054,Milestone 6,2025-02-14,2025-02-12,Completed
PRJ054-M07,PRJ054,Milestone 7,2025-04-15,2025-04-07,Completed
PRJ054-M08,PRJ054,Milestone 8,2025-06-14,2025-06-05,Completed
PRJ054-M09,PRJ054,Milestone 9,2025-08-13,2025-08-10,Completed
PRJ054-M10,PRJ054,Milestone 10,2025-10-12,2025-10-18,Completed
PRJ054-M11,PRJ054,Milestone 11,2025-12-11,2025-12-14,Completed
PRJ054-M12,PRJ054,Milestone 12,2026-02-09,2026-02-21,Completed
PRJ054-M13,PRJ054,Milestone 13,2026-04-10,2026-04-11,Completed
PRJ054-M14,PRJ054,Milestone 14,2026-06-09,2026-06-13,Completed
PRJ054-M15,PRJ054,Milestone 15,2026-08-08,2026-08-21,Completed
PRJ054-M16,PRJ054,Milestone 16,2026-10-07,2026-09-29,Completed
PRJ054-M17,PRJ054,Milestone 17,2026-12-06,2026-12-14,Completed
PRJ054-M18,PRJ054,Milestone 18,2027-02-04,2027-01-28,Completed
PRJ054-M19,PRJ054,Milestone 19,2027-04-05,2027-04-11,Completed
PRJ054-M20,PRJ054,Milestone 20,2027-06-04,2027-05-29,Completed
PRJ054-M21,PRJ054,Milestone 21,2027-08-03,,Pending
PRJ055-M01,PRJ055,Milestone 1,2023-08-05,2023-08-15,Completed
PRJ055-M02,PRJ055,Milestone 2,2023-10-04,2023-10-06,Completed
PRJ055-M03,PRJ055,Milestone 3,2023-12-03,2023-11-25,Completed
PRJ055-M04,PRJ055,Milestone 4,2024-02-01,2024-02-09,Completed
PRJ055-M05,PRJ055,Milestone 5,2024-04-01,,Pending
PRJ055-M06,PRJ055,Milestone 6,2024-05-31,,Pending
PRJ055-M07,PRJ055,Milestone 7,2024-07-30,,Pending
PRJ055-M08,PRJ055,Milestone 8,2024-09-28,,Pending
PRJ055-M09,PRJ055,Milestone 9,2024-11-27,,Pending
PRJ055-M10,PRJ055,Milestone 10,2025-01-26,,Pending
PRJ055-M11,PRJ055,Milestone 11,2025-03-27,,Pending
PRJ056-M01,PRJ056,Milestone 1,2023-03-03,2023-03-11,Completed
PRJ056-M02,PRJ056,Milestone 2,2023-05-02,2023-04-23,Completed
PRJ056-M03,PRJ056,Milestone 3,2023-07-01,2023-07-04,Completed
PRJ056-M04,PRJ056,Milestone 4,2023-08-30,,Pending
PRJ056-M05,PRJ056,Milestone 5,2023-10-29,,Pending
PRJ056-M06,PRJ056,Milestone 6,2023-12-28,,Pending
PRJ056-M07,PRJ056,Milestone 7,2024-02-26,,Pending
PRJ056-M08,PRJ056,Milestone 8,2024-04-26,,Pending
PRJ056-M09,PRJ056,Milestone 9,2024-06-25,,Pending
PRJ057-M01,PRJ057,Milestone 1,2023-10-05,2023-10-16,Completed
PRJ057-M02,PRJ057,Milestone 2,2023-12-04,2023-11-28,Completed
PRJ057-M03,PRJ057,Milestone 3,2024-02-02,2024-01-30,Completed
PRJ057-M04,PRJ057,Milestone 4,2024-04-02,2024-04-01,Completed
PRJ057-M05,PRJ057,Milestone 5,2024-06-01,2024-05-30,Completed
PRJ057-M06,PRJ057,Milestone 6,2024-07-31,2024-07-31,Completed
PRJ057-M07,PRJ057,Milestone 7,2024-09-29,2024-10-14,Completed
PRJ057-M08,PRJ057,Milestone 8,2024-11-28,2024-11-30,Completed
PRJ057-M09,PRJ057,Milestone 9,2025-01-27,,Pending
PRJ057-M10,PRJ057,Milestone 10,2025-03-28,,Pending
PRJ057-M11,PRJ057,Milestone 11,2025-05-27,,Pending
PRJ057-M12,PRJ057,Milestone 12,2025-07-26,,Pending
PRJ057-M13,PRJ057,Milestone 13,2025-09-24,,Pending
PRJ057-M14,PRJ057,Milestone 14,2025-11-23,,Pending
PRJ057-M15,PRJ057,Milestone 15,2026-01-22,,Pending
PRJ057-M16,PRJ057,Milestone 16,2026-03-23,,Pending
PRJ058-M01,PRJ058,Milestone 1,2024-02-23,2024-03-06,Completed
PRJ058-M02,PRJ058,Milestone 2,2024-04-23,2024-05-06,Completed
PRJ058-M03,PRJ058,Milestone 3,2024-06-22,2024-06-22,Completed
PRJ058-M04,PRJ058,Milestone 4,2024-08-21,2024-08-21,Completed
PRJ058-M05,PRJ058,Milestone 5,2024-10-20,2024-10-24,Completed
PRJ058-M06,PRJ058,Milestone 6,2024-12-19,2024-12-17,Completed
PRJ058-M07,PRJ058,Milestone 7,2025-02-17,2025-02-14,Completed
PRJ058-M08,PRJ058,Milestone 8,2025-04-18,2025-04-10,Completed
PRJ058-M09,PRJ058,Milestone 9,2025-06-17,2025-06-13,Completed
PRJ058-M10,PRJ058,Milestone 10,2025-08-16,,Pending
PRJ059-M01,PRJ059,Milestone 1,2024-07-06,2024-06-30,Completed
PRJ059-M02,PRJ059,Milestone 2,2024-09-04,2024-09-18,Completed
PRJ059-M03,PRJ059,Milestone 3,2024-11-03,2024-11-17,Completed
PRJ059-M04,PRJ059,Milestone 4,2025-01-02,2025-01-10,Completed
PRJ059-M05,PRJ059,Milestone 5,2025-03-03,,Pending
PRJ059-M06,PRJ059,Milestone 6,2025-05-02,,Pending
PRJ059-M07,PRJ059,Milestone 7,2025-07-01,,Pending
PRJ059-M08,PRJ059,Milestone 8,2025-08-30,,Pending
PRJ060-M01,PRJ060,Milestone 1,2023-12-26,2023-12-19,Completed
PRJ060-M02,PRJ060,Milestone 2,2024-02-24,2024-02-18,Completed
PRJ060-M03,PRJ060,Milestone 3,2024-04-24,2024-04-17,Completed
PRJ060-M04,PRJ060,Milestone 4,2024-06-23,2024-06-18,Completed
PRJ060-M05,PRJ060,Milestone 5,2024-08-22,2024-08-26,Completed
PRJ060-M06,PRJ060,Milestone 6,2024-10-21,2024-10-25,Completed
PRJ060-M07,PRJ060,Milestone 7,2024-12-20,2024-12-20,Completed
PRJ060-M08,PRJ060,Milestone 8,2025-02-18,2025-02-21,Completed
PRJ060-M09,PRJ060,Milestone 9,2025-04-19,2025-04-12,Completed
PRJ060-M10,PRJ060,Milestone 10,2025-06-18,2025-06-25,Completed
PRJ060-M11,PRJ060,Milestone 11,2025-08-17,2025-08-18,Completed
PRJ060-M12,PRJ060,Milestone 12,2025-10-16,2025-10-30,Completed
PRJ060-M13,PRJ060,Milestone 13,2025-12-15,2025-12-11,Completed
PRJ060-M14,PRJ060,Milestone 14,2026-02-13,2026-02-17,Completed
PRJ060-M15,PRJ060,Milestone 15,2026-04-14,2026-04-13,Completed
PRJ060-M16,PRJ060,Milestone 16,2026-06-13,2026-06-17,Completed
PRJ060-M17,PRJ060,Milestone 17,2026-08-12,2026-08-10,Completed
PRJ060-M18,PRJ060,Milestone 18,2026-10-11,2026-10-04,Completed
PRJ060-M19,PRJ060,Milestone 19,2026-12-10,,Pending
PRJ060-M20,PRJ060,Milestone 20,2027-02-08,,Pending
PRJ060-M21,PRJ060,Milestone 21,2027-04-09,,Pending
PRJ060-M22,PRJ060,Milestone 22,2027-06-08,,Pending
PRJ060-M23,PRJ060,Milestone 23,2027-08-07,,Pending
PRJ061-M01,PRJ061,Milestone 1,2024-02-04,2024-01-27,Completed
PRJ061-M02,PRJ061,Milestone 2,2024-04-04,2024-03-30,Completed
PRJ061-M03,PRJ061,Milestone 3,2024-06-03,2024-06-18,Completed
PRJ061-M04,PRJ061,Milestone 4,2024-08-02,2024-08-13,Completed
PRJ061-M05,PRJ061,Milestone 5,2024-10-01,2024-09-30,Completed
PRJ061-M06,PRJ061,Milestone 6,2024-11-30,,Pending
PRJ061-M07,PRJ061,Milestone 7,2025-01-29,,Pending
PRJ061-M08,PRJ061,Milestone 8,2025-03-30,,Pending
PRJ061-M09,PRJ061,Milestone 9,2025-05-29,,Pending
PRJ061-M10,PRJ061,Milestone 10,2025-07-28,,Pending
PRJ062-M01,PRJ062,Milestone 1,2023-09-29,2023-10-11,Completed
PRJ062-M02,PRJ062,Milestone 2,2023-11-28,2023-12-10,Completed
PRJ062-M03,PRJ062,Milestone 3,2024-01-27,2024-02-05,Completed
PRJ062-M04,PRJ062,Milestone 4,2024-03-27,2024-03-18,Completed
PRJ062-M05,PRJ062,Milestone 5,2024-05-26,2024-05-22,Completed
PRJ062-M06,PRJ062,Milestone 6,2024-07-25,2024-07-25,Completed
PRJ062-M07,PRJ062,Milestone 7,2024-09-23,2024-09-17,Completed
PRJ062-M08,PRJ062,Milestone 8,2024-11-22,2024-11-14,Completed
PRJ062-M09,PRJ062,Milestone 9,2025-01-21,2025-02-02,Completed
PRJ062-M10,PRJ062,Milestone 10,2025-03-22,2025-03-19,Completed
PRJ062-M11,PRJ062,Milestone 11,2025-05-21,2025-05-22,Completed
PRJ062-M12,PRJ062,Milestone 12,2025-07-20,2025-07-22,Completed
PRJ062-M13,PRJ062,Milestone 13,2025-09-18,2025-09-24,Completed
PRJ062-M14,PRJ062,Milestone 14,2025-11-17,2025-11-08,Completed
PRJ062-M15,PRJ062,Milestone 15,2026-01-16,2026-01-27,Completed
PRJ062-M16,PRJ062,Milestone 16,2026-03-17,2026-03-16,Completed
PRJ062-M17,PRJ062,Milestone 17,2026-05-16,2026-05-14,Completed
PRJ062-M18,PRJ062,Milestone 18,2026-07-15,2026-07-10,Completed
PRJ062-M19,PRJ062,Milestone 19,2026-09-13,2026-09-03,Completed
PRJ062-M20,PRJ062,Milestone 20,2026-11-12,2026-11-14,Completed
PRJ062-M21,PRJ062,Milestone 21,2027-01-11,2027-01-15,Completed
PRJ062-M22,PRJ062,Milestone 22,2027-03-12,2027-03-19,Completed
PRJ062-M23,PRJ062,Milestone 23,2027-05-11,2027-05-24,Completed
PRJ063-M01,PRJ063,Milestone 1,2023-05-03,2023-05-10,Completed
PRJ063-M02,PRJ063,Milestone 2,2023-07-02,2023-06-29,Completed
PRJ063-M03,PRJ063,Milestone 3,2023-08-31,2023-08-24,Completed
PRJ063-M04,PRJ063,Milestone 4,2023-10-30,2023-11-03,Completed
PRJ063-M05,PRJ063,Milestone 5,2023-12-29,2023-12-22,Completed
PRJ063-M06,PRJ063,Milestone 6,2024-02-27,2024-03-13,Completed
PRJ063-M07,PRJ063,Milestone 7,2024-04-27,2024-05-12,Completed
PRJ063-M08,PRJ063,Milestone 8,2024-06-26,2024-06-20,Completed
PRJ063-M09,PRJ063,Milestone 9,2024-08-25,2024-08-18,Completed
PRJ063-M10,PRJ063,Milestone 10,2024-10-24,2024-10-14,Completed
PRJ063-M11,PRJ063,Milestone 11,2024-12-23,2024-12-14,Completed
PRJ063-M12,PRJ063,Milestone 12,2025-02-21,2025-03-07,Completed
PRJ063-M13,PRJ063,Milestone 13,2025-04-22,2025-04-19,Completed
PRJ063-M14,PRJ063,Milestone 14,2025-06-21,2025-06-15,Completed
PRJ063-M15,PRJ063,Milestone 15,2025-08-20,2025-08-16,Completed
PRJ063-M16,PRJ063,Milestone 16,2025-10-19,,Pending
PRJ063-M17,PRJ063,Milestone 17,2025-12-18,,Pending
PRJ064-M01,PRJ064,Milestone 1,2023-11-12,2023-11-14,Completed
PRJ064-M02,PRJ064,Milestone 2,2024-01-11,2024-01-12,Completed
PRJ064-M03,PRJ064,Milestone 3,2024-03-11,2024-03-22,Completed
PRJ064-M04,PRJ064,Milestone 4,2024-05-10,2024-05-20,Completed
PRJ064-M05,PRJ064,Milestone 5,2024-07-09,2024-07-19,Completed
PRJ064-M06,PRJ064,Milestone 6,2024-09-07,2024-08-30,Completed
PRJ064-M07,PRJ064,Milestone 7,2024-11-06,2024-11-14,Completed
PRJ064-M08,PRJ064,Milestone 8,2025-01-05,2025-01-13,Completed
PRJ064-M09,PRJ064,Milestone 9,2025-03-06,2025-03-04,Completed
PRJ064-M10,PRJ064,Milestone 10,2025-05-05,2025-04-27,Completed
PRJ064-M11,PRJ064,Milestone 11,2025-07-04,2025-06-24,Completed
PRJ064-M12,PRJ064,Milestone 12,2025-09-02,2025-08-25,Completed
PRJ064-M13,PRJ064,Milestone 13,2025-11-01,2025-10-28,Completed
PRJ064-M14,PRJ064,Milestone 14,2025-12-31,2026-01-10,Completed
PRJ064-M15,PRJ064,Milestone 15,2026-03-01,2026-03-05,Completed
PRJ064-M16,PRJ064,Milestone 16,2026-04-30,2026-05-15,Completed
PRJ064-M17,PRJ064,Milestone 17,2026-06-29,2026-06-23,Completed
PRJ064-M18,PRJ064,Milestone 18,2026-08-28,2026-08-20,Completed
PRJ064-M19,PRJ064,Milestone 19,2026-10-27,2026-11-11,Completed
PRJ064-M20,PRJ064,Milestone 20,2026-12-26,2026-12-26,Completed
PRJ064-M21,PRJ064,Milestone 21,2027-02-24,,Pending
PRJ064-M22,PRJ064,Milestone 22,2027-04-25,,Pending
PRJ064-M23,PRJ064,Milestone 23,2027-06-24,,Pending
PRJ065-M01,PRJ065,Milestone 1,2023-07-21,2023-07-14,Completed
PRJ065-M02,PRJ065,Milestone 2,2023-09-19,2023-09-10,Completed
PRJ065-M03,PRJ065,Milestone 3,2023-11-18,2023-11-22,Completed
PRJ065-M04,PRJ065,Milestone 4,2024-01-17,2024-01-08,Completed
PRJ065-M05,PRJ065,Milestone 5,2024-03-17,,Pending
PRJ065-M06,PRJ065,Milestone 6,2024-05-16,,Pending
PRJ065-M07,PRJ065,Milestone 7,2024-07-15,,Pending
PRJ065-M08,PRJ065,Milestone 8,2024-09-13,,Pending
PRJ066-M01,PRJ066,Milestone 1,2023-08-25,2023-08-20,Completed
PRJ066-M02,PRJ066,Milestone 2,2023-10-24,2023-11-01,Completed
PRJ066-M03,PRJ066,Milestone 3,2023-12-23,2023-12-26,Completed
PRJ066-M04,PRJ066,Milestone 4,2024-02-21,2024-03-05,Completed
PRJ066-M05,PRJ066,Milestone 5,2024-04-21,2024-04-23,Completed
PRJ066-M06,PRJ066,Milestone 6,2024-06-20,2024-06-25,Completed
PRJ066-M07,PRJ066,Milestone 7,2024-08-19,2024-08-09,Completed
PRJ066-M08,PRJ066,Milestone 8,2024-10-18,2024-10-20,Completed
PRJ066-M09,PRJ066,Milestone 9,2024-12-17,2024-12-28,Completed
PRJ066-M10,PRJ066,Milestone 10,2025-02-15,2025-02-18,Completed
PRJ066-M11,PRJ066,Milestone 11,2025-04-16,2025-04-11,Completed
PRJ066-M12,PRJ066,Milestone 12,2025-06-15,,Pending
PRJ066-M13,PRJ066,Milestone 13,2025-08-14,,Pending
PRJ066-M14,PRJ066,Milestone 14,2025-10-13,,Pending
PRJ066-M15,PRJ066,Milestone 15,2025-12-12,,Pending
PRJ066-M16,PRJ066,Milestone 16,2026-02-10,,Pending
PRJ066-M17,PRJ066,Milestone 17,2026-04-11,,Pending
PRJ066-M18,PRJ066,Milestone 18,2026-06-10,,Pending
PRJ067-M01,PRJ067,Milestone 1,2023-09-15,2023-09-16,Completed
PRJ067-M02,PRJ067,Milestone 2,2023-11-14,2023-11-10,Completed
PRJ067-M03,PRJ067,Milestone 3,2024-01-13,2024-01-08,Completed
PRJ067-M04,PRJ067,Milestone 4,2024-03-13,2024-03-11,Completed
PRJ067-M05,PRJ067,Milestone 5,2024-05-12,2024-05-10,Completed
PRJ067-M06,PRJ067,Milestone 6,2024-07-11,2024-07-15,Completed
PRJ067-M07,PRJ067,Milestone 7,2024-09-09,2024-09-03,Completed
PRJ067-M08,PRJ067,Milestone 8,2024-11-08,2024-10-30,Completed
PRJ067-M09,PRJ067,Milestone 9,2025-01-07,2025-01-16,Completed
PRJ067-M10,PRJ067,Milestone 10,2025-03-08,2025-03-17,Completed
PRJ067-M11,PRJ067,Milestone 11,2025-05-07,2025-05-16,Completed
PRJ067-M12,PRJ067,Milestone 12,2025-07-06,2025-07-03,Completed
PRJ067-M13,PRJ067,Milestone 13,2025-09-04,2025-09-14,Completed
PRJ067-M14,PRJ067,Milestone 14,2025-11-03,,Pending
PRJ067-M15,PRJ067,Milestone 15,2026-01-02,,Pending
PRJ067-M16,PRJ067,Milestone 16,2026-03-03,,Pending
PRJ067-M17,PRJ067,Milestone 17,2026-05-02,,Pending
PRJ067-M18,PRJ067,Milestone 18,2026-07-01,,Pending
PRJ067-M19,PRJ067,Milestone 19,2026-08-30,,Pending
PRJ067-M20,PRJ067,Milestone 20,2026-10-29,,Pending
PRJ067-M21,PRJ067,Milestone 21,2026-12-28,,Pending
PRJ067-M22,PRJ067,Milestone 22,2027-02-26,,Pending
PRJ067-M23,PRJ067,Milestone 23,2027-04-27,,Pending
PRJ068-M01,PRJ068,Milestone 1,2023-03-09,2023-03-08,Completed
PRJ068-M02,PRJ068,Milestone 2,2023-05-08,2023-05-13,Completed
PRJ068-M03,PRJ068,Milestone 3,2023-07-07,2023-07-10,Completed
PRJ068-M04,PRJ068,Milestone 4,2023-09-05,2023-09-12,Completed
PRJ068-M05,PRJ068,Milestone 5,2023-11-04,2023-11-09,Completed
PRJ068-M06,PRJ068,Milestone 6,2024-01-03,2023-12-25,Completed
PRJ068-M07,PRJ068,Milestone 7,2024-03-03,2024-02-24,Completed
PRJ068-M08,PRJ068,Milestone 8,2024-05-02,,Pending
PRJ068-M09,PRJ068,Milestone 9,2024-07-01,,Pending
PRJ068-M10,PRJ068,Milestone 10,2024-08-30,,Pending
PRJ069-M01,PRJ069,Milestone 1,2024-07-02,2024-06-30,Completed
PRJ069-M02,PRJ069,Milestone 2,2024-08-31,2024-09-02,Completed
PRJ069-M03,PRJ069,Milestone 3,2024-10-30,2024-10-24,Completed
PRJ069-M04,PRJ069,Milestone 4,2024-12-29,2025-01-01,Completed
PRJ069-M05,PRJ069,Milestone 5,2025-02-27,2025-02-23,Completed
PRJ069-M06,PRJ069,Milestone 6,2025-04-28,2025-05-08,Completed
PRJ069-M07,PRJ069,Milestone 7,2025-06-27,2025-07-12,Completed
PRJ069-M08,PRJ069,Milestone 8,2025-08-26,2025-09-01,Completed
PRJ069-M09,PRJ069,Milestone 9,2025-10-25,2025-10-22,Completed
PRJ070-M01,PRJ070,Milestone 1,2024-03-25,2024-04-04,Completed
PRJ070-M02,PRJ070,Milestone 2,2024-05-24,2024-06-08,Completed
PRJ070-M03,PRJ070,Milestone 3,2024-07-23,2024-07-30,Completed
PRJ070-M04,PRJ070,Milestone 4,2024-09-21,2024-10-06,Completed
PRJ070-M05,PRJ070,Milestone 5,2024-11-20,2024-11-10,Completed
PRJ070-M06,PRJ070,Milestone 6,2025-01-19,2025-01-21,Completed
PRJ070-M07,PRJ070,Milestone 7,2025-03-20,2025-04-04,Completed
PRJ070-M08,PRJ070,Milestone 8,2025-05-19,,Pending
PRJ070-M09,PRJ070,Milestone 9,2025-07-18,,Pending
PRJ070-M10,PRJ070,Milestone 10,2025-09-16,,Pending
PRJ070-M11,PRJ070,Milestone 11,2025-11-15,,Pending
PRJ070-M12,PRJ070,Milestone 12,2026-01-14,,Pending
PRJ070-M13,PRJ070,Milestone 13,2026-03-15,,Pending
PRJ070-M14,PRJ070,Milestone 14,2026-05-14,,Pending
PRJ070-M15,PRJ070,Milestone 15,2026-07-13,,Pending
PRJ070-M16,PRJ070,Milestone 16,2026-09-11,,Pending
PRJ070-M17,PRJ070,Milestone 17,2026-11-10,,Pending
PRJ071-M01,PRJ071,Milestone 1,2023-11-28,2023-12-10,Completed
PRJ071-M02,PRJ071,Milestone 2,2024-01-27,2024-01-28,Completed
PRJ071-M03,PRJ071,Milestone 3,2024-03-27,2024-04-01,Completed
PRJ071-M04,PRJ071,Milestone 4,2024-05-26,2024-06-02,Completed
PRJ071-M05,PRJ071,Milestone 5,2024-07-25,2024-08-09,Completed
PRJ071-M06,PRJ071,Milestone 6,2024-09-23,2024-09-28,Completed
PRJ071-M07,PRJ071,Milestone 7,2024-11-22,2024-11-23,Completed
PRJ071-M08,PRJ071,Milestone 8,2025-01-21,2025-01-29,Completed
PRJ071-M09,PRJ071,Milestone 9,2025-03-22,2025-03-28,Completed
PRJ071-M10,PRJ071,Milestone 10,2025-05-21,,Pending
PRJ072-M01,PRJ072,Milestone 1,2024-01-22,2024-01-22,Completed
PRJ072-M02,PRJ072,Milestone 2,2024-03-22,2024-03-24,Completed
PRJ072-M03,PRJ072,Milestone 3,2024-05-21,2024-05-19,Completed
PRJ072-M04,PRJ072,Milestone 4,2024-07-20,2024-07-15,Completed
PRJ072-M05,PRJ072,Milestone 5,2024-09-18,2024-09-08,Completed
PRJ072-M06,PRJ072,Milestone 6,2024-11-17,2024-11-17,Completed
PRJ072-M07,PRJ072,Milestone 7,2025-01-16,2025-01-25,Completed
PRJ072-M08,PRJ072,Milestone 8,2025-03-17,2025-03-14,Completed
PRJ072-M09,PRJ072,Milestone 9,2025-05-16,2025-05-06,Completed
PRJ072-M10,PRJ072,Milestone 10,2025-07-15,2025-07-30,Completed
PRJ072-M11,PRJ072,Milestone 11,2025-09-13,2025-09-27,Completed
PRJ072-M12,PRJ072,Milestone 12,2025-11-12,2025-11-10,Completed
PRJ072-M13,PRJ072,Milestone 13,2026-01-11,2026-01-02,Completed
PRJ072-M14,PRJ072,Milestone 14,2026-03-12,2026-03-27,Completed
PRJ072-M15,PRJ072,Milestone 15,2026-05-11,2026-05-16,Completed
PRJ072-M16,PRJ072,Milestone 16,2026-07-10,2026-07-16,Completed
PRJ072-M17,PRJ072,Milestone 17,2026-09-08,,Pending
PRJ072-M18,PRJ072,Milestone 18,2026-11-07,,Pending
PRJ072-M19,PRJ072,Milestone 19,2027-01-06,,Pending
PRJ072-M20,PRJ072,Milestone 20,2027-03-07,,Pending
PRJ072-M21,PRJ072,Milestone 21,2027-05-06,,Pending
PRJ072-M22,PRJ072,Milestone 22,2027-07-05,,Pending
PRJ073-M01,PRJ073,Milestone 1,2023-10-21,2023-10-22,Completed
PRJ073-M02,PRJ073,Milestone 2,2023-12-20,2024-01-03,Completed
PRJ073-M03,PRJ073,Milestone 3,2024-02-18,2024-02-26,Completed
PRJ073-M04,PRJ073,Milestone 4,2024-04-18,2024-04-15,Completed
PRJ073-M05,PRJ073,Milestone 5,2024-06-17,2024-06-12,Completed
PRJ073-M06,PRJ073,Milestone 6,2024-08-16,2024-08-09,Completed
PRJ073-M07,PRJ073,Milestone 7,2024-10-15,2024-10-12,Completed
PRJ073-M08,PRJ073,Milestone 8,2024-12-14,2024-12-25,Completed
PRJ073-M09,PRJ073,Milestone 9,2025-02-12,2025-02-09,Completed
PRJ073-M10,PRJ073,Milestone 10,2025-04-13,2025-04-11,Completed
PRJ073-M11,PRJ073,Milestone 11,2025-06-12,2025-06-19,Completed
PRJ073-M12,PRJ073,Milestone 12,2025-08-11,2025-08-26,Completed
PRJ073-M13,PRJ073,Milestone 13,2025-10-10,2025-10-23,Completed
PRJ073-M14,PRJ073,Milestone 14,2025-12-09,2025-11-30,Completed
PRJ073-M15,PRJ073,Milestone 15,2026-02-07,2026-02-21,Completed
PRJ073-M16,PRJ073,Milestone 16,2026-04-08,2026-04-05,Completed
PRJ073-M17,PRJ073,Milestone 17,2026-06-07,2026-06-15,Completed
PRJ073-M18,PRJ073,Milestone 18,2026-08-06,2026-08-21,Completed
PRJ073-M19,PRJ073,Milestone 19,2026-10-05,2026-10-07,Completed
PRJ073-M20,PRJ073,Milestone 20,2026-12-04,,Pending
PRJ074-M01,PRJ074,Milestone 1,2023-12-16,2023-12-17,Completed
PRJ074-M02,PRJ074,Milestone 2,2024-02-14,2024-02-09,Completed
PRJ074-M03,PRJ074,Milestone 3,2024-04-14,2024-04-09,Completed
PRJ074-M04,PRJ074,Milestone 4,2024-06-13,2024-06-10,Completed
PRJ074-M05,PRJ074,Milestone 5,2024-08-12,2024-08-20,Completed
PRJ074-M06,PRJ074,Milestone 6,2024-10-11,2024-10-11,Completed
PRJ074-M07,PRJ074,Milestone 7,2024-12-10,2024-12-25,Completed
PRJ074-M08,PRJ074,Milestone 8,2025-02-08,2025-02-21,Completed
PRJ074-M09,PRJ074,Milestone 9,2025-04-09,2025-04-21,Completed
PRJ074-M10,PRJ074,Milestone 10,2025-06-08,2025-06-09,Completed
PRJ074-M11,PRJ074,Milestone 11,2025-08-07,,Pending
PRJ074-M12,PRJ074,Milestone 12,2025-10-06,,Pending
PRJ074-M13,PRJ074,Milestone 13,2025-12-05,,Pending
PRJ074-M14,PRJ074,Milestone 14,2026-02-03,,Pending
PRJ074-M15,PRJ074,Milestone 15,2026-04-04,,Pending
PRJ074-M16,PRJ074,Milestone 16,2026-06-03,,Pending
PRJ074-M17,PRJ074,Milestone 17,2026-08-02,,Pending
PRJ075-M01,PRJ075,Milestone 1,2023-08-07,2023-08-15,Completed
PRJ075-M02,PRJ075,Milestone 2,2023-10-06,2023-09-26,Completed
PRJ075-M03,PRJ075,Milestone 3,2023-12-05,2023-12-17,Completed
PRJ075-M04,PRJ075,Milestone 4,2024-02-03,2024-02-15,Completed
PRJ075-M05,PRJ075,Milestone 5,2024-04-03,,Pending
PRJ075-M06,PRJ075,Milestone 6,2024-06-02,,Pending
PRJ075-M07,PRJ075,Milestone 7,2024-08-01,,Pending
PRJ075-M08,PRJ075,Milestone 8,2024-09-30,,Pending
PRJ075-M09,PRJ075,Milestone 9,2024-11-29,,Pending
PRJ075-M10,PRJ075,Milestone 10,2025-01-28,,Pending
PRJ076-M01,PRJ076,Milestone 1,2024-04-30,2024-05-01,Completed
PRJ076-M02,PRJ076,Milestone 2,2024-06-29,2024-07-07,Completed
PRJ076-M03,PRJ076,Milestone 3,2024-08-28,2024-09-05,Completed
PRJ076-M04,PRJ076,Milestone 4,2024-10-27,2024-10-21,Completed
PRJ076-M05,PRJ076,Milestone 5,2024-12-26,2025-01-03,Completed
PRJ076-M06,PRJ076,Milestone 6,2025-02-24,2025-02-20,Completed
PRJ076-M07,PRJ076,Milestone 7,2025-04-25,2025-05-10,Completed
PRJ076-M08,PRJ076,Milestone 8,2025-06-24,2025-06-29,Completed
PRJ076-M09,PRJ076,Milestone 9,2025-08-23,2025-08-30,Completed
PRJ076-M10,PRJ076,Milestone 10,2025-10-22,2025-10-21,Completed
PRJ076-M11,PRJ076,Milestone 11,2025-12-21,2025-12-16,Completed
PRJ076-M12,PRJ076,Milestone 12,2026-02-19,2026-02-24,Completed
PRJ076-M13,PRJ076,Milestone 13,2026-04-20,,Pending
PRJ076-M14,PRJ076,Milestone 14,2026-06-19,,Pending
PRJ076-M15,PRJ076,Milestone 15,2026-08-18,,Pending
PRJ076-M16,PRJ076,Milestone 16,2026-10-17,,Pending
PRJ076-M17,PRJ076,Milestone 17,2026-12-16,,Pending
PRJ077-M01,PRJ077,Milestone 1,2023-04-17,2023-04-08,Completed
PRJ077-M02,PRJ077,Milestone 2,2023-06-16,2023-06-08,Completed
PRJ077-M03,PRJ077,Milestone 3,2023-08-15,2023-08-06,Completed
PRJ077-M04,PRJ077,Milestone 4,2023-10-14,2023-10-11,Completed
PRJ077-M05,PRJ077,Milestone 5,2023-12-13,2023-12-22,Completed
PRJ077-M06,PRJ077,Milestone 6,2024-02-11,2024-02-08,Completed
PRJ077-M07,PRJ077,Milestone 7,2024-04-11,2024-04-01,Completed
PRJ077-M08,PRJ077,Milestone 8,2024-06-10,2024-06-16,Completed
PRJ077-M09,PRJ077,Milestone 9,2024-08-09,2024-08-14,Completed
PRJ077-M10,PRJ077,Milestone 10,2024-10-08,2024-09-28,Completed
PRJ077-M11,PRJ077,Milestone 11,2024-12-07,2024-12-07,Completed
PRJ077-M12,PRJ077,Milestone 12,2025-02-05,2025-02-14,Completed
PRJ077-M13,PRJ077,Milestone 13,2025-04-06,2025-04-02,Completed
PRJ077-M14,PRJ077,Milestone 14,2025-06-05,2025-06-20,Completed
PRJ077-M15,PRJ077,Milestone 15,2025-08-04,2025-07-29,Completed
PRJ077-M16,PRJ077,Milestone 16,2025-10-03,2025-10-03,Completed
PRJ077-M17,PRJ077,Milestone 17,2025-12-02,2025-12-14,Completed
PRJ077-M18,PRJ077,Milestone 18,2026-01-31,2026-01-26,Completed
PRJ077-M19,PRJ077,Milestone 19,2026-04-01,2026-04-16,Completed
PRJ078-M01,PRJ078,Milestone 1,2023-03-14,2023-03-14,Completed
PRJ078-M02,PRJ078,Milestone 2,2023-05-13,2023-05-04,Completed
PRJ078-M03,PRJ078,Milestone 3,2023-07-12,2023-07-02,Completed
PRJ078-M04,PRJ078,Milestone 4,2023-09-10,2023-09-04,Completed
PRJ078-M05,PRJ078,Milestone 5,2023-11-09,2023-11-17,Completed
PRJ078-M06,PRJ078,Milestone 6,2024-01-08,2024-01-20,Completed
PRJ078-M07,PRJ078,Milestone 7,2024-03-08,2024-03-02,Completed
PRJ078-M08,PRJ078,Milestone 8,2024-05-07,2024-05-21,Completed
PRJ078-M09,PRJ078,Milestone 9,2024-07-06,2024-06-29,Completed
PRJ078-M10,PRJ078,Milestone 10,2024-09-04,2024-09-10,Completed
PRJ078-M11,PRJ078,Milestone 11,2024-11-03,2024-11-04,Completed
PRJ078-M12,PRJ078,Milestone 12,2025-01-02,2024-12-25,Completed
PRJ078-M13,PRJ078,Milestone 13,2025-03-03,2025-03-04,Completed
PRJ078-M14,PRJ078,Milestone 14,2025-05-02,2025-05-14,Completed
PRJ078-M15,PRJ078,Milestone 15,2025-07-01,2025-07-12,Completed
PRJ079-M01,PRJ079,Milestone 1,2023-03-25,2023-03-27,Completed
PRJ079-M02,PRJ079,Milestone 2,2023-05-24,2023-06-01,Completed
PRJ079-M03,PRJ079,Milestone 3,2023-07-23,2023-07-16,Completed
PRJ079-M04,PRJ079,Milestone 4,2023-09-21,2023-09-21,Completed
PRJ079-M05,PRJ079,Milestone 5,2023-11-20,2023-11-19,Completed
PRJ079-M06,PRJ079,Milestone 6,2024-01-19,2024-01-19,Completed
PRJ079-M07,PRJ079,Milestone 7,2024-03-19,2024-03-13,Completed
PRJ079-M08,PRJ079,Milestone 8,2024-05-18,2024-05-13,Completed
PRJ079-M09,PRJ079,Milestone 9,2024-07-17,2024-07-30,Completed
PRJ079-M10,PRJ079,Milestone 10,2024-09-15,2024-09-18,Completed
PRJ079-M11,PRJ079,Milestone 11,2024-11-14,2024-11-29,Completed
PRJ079-M12,PRJ079,Milestone 12,2025-01-13,2025-01-23,Completed
PRJ079-M13,PRJ079,Milestone 13,2025-03-14,2025-03-19,Completed
PRJ079-M14,PRJ079,Milestone 14,2025-05-13,2025-05-23,Completed
PRJ079-M15,PRJ079,Milestone 15,2025-07-12,2025-07-12,Completed
PRJ079-M16,PRJ079,Milestone 16,2025-09-10,2025-09-05,Completed
PRJ079-M17,PRJ079,Milestone 17,2025-11-09,2025-11-21,Completed
PRJ079-M18,PRJ079,Milestone 18,2026-01-08,,Pending
PRJ079-M19,PRJ079,Milestone 19,2026-03-09,,Pending
PRJ079-M20,PRJ079,Milestone 20,2026-05-08,,Pending
PRJ079-M21,PRJ079,Milestone 21,2026-07-07,,Pending
PRJ079-M22,PRJ079,Milestone 22,2026-09-05,,Pending
PRJ079-M23,PRJ079,Milestone 23,2026-11-04,,Pending
PRJ079-M24,PRJ079,Milestone 24,2027-01-03,,Pending
PRJ079-M25,PRJ079,Milestone 25,2027-03-04,,Pending
PRJ080-M01,PRJ080,Milestone 1,2024-05-28,2024-06-04,Completed
PRJ080-M02,PRJ080,Milestone 2,2024-07-27,2024-08-08,Completed
PRJ080-M03,PRJ080,Milestone 3,2024-09-25,2024-10-04,Completed
PRJ080-M04,PRJ080,Milestone 4,2024-11-24,2024-12-09,Completed
PRJ080-M05,PRJ080,Milestone 5,2025-01-23,2025-01-24,Completed
PRJ080-M06,PRJ080,Milestone 6,2025-03-24,2025-03-21,Completed
PRJ080-M07,PRJ080,Milestone 7,2025-05-23,,Pending
PRJ080-M08,PRJ080,Milestone 8,2025-07-22,,Pending
PRJ080-M09,PRJ080,Milestone 9,2025-09-20,,Pending
PRJ080-M10,PRJ080,Milestone 10,2025-11-19,,Pending
PRJ080-M11,PRJ080,Milestone 11,2026-01-18,,Pending
PRJ080-M12,PRJ080,Milestone 12,2026-03-19,,Pending
PRJ080-M13,PRJ080,Milestone 13,2026-05-18,,Pending
PRJ080-M14,PRJ080,Milestone 14,2026-07-17,,Pending
PRJ080-M15,PRJ080,Milestone 15,2026-09-15,,Pending
PRJ080-M16,PRJ080,Milestone 16,2026-11-14,,Pending
PRJ081-M01,PRJ081,Milestone 1,2023-12-05,2023-12-16,Completed
PRJ081-M02,PRJ081,Milestone 2,2024-02-03,2024-02-11,Completed
PRJ081-M03,PRJ081,Milestone 3,2024-04-03,2024-03-29,Completed
PRJ081-M04,PRJ081,Milestone 4,2024-06-02,2024-06-04,Completed
PRJ081-M05,PRJ081,Milestone 5,2024-08-01,2024-07-31,Completed
PRJ081-M06,PRJ081,Milestone 6,2024-09-30,2024-10-13,Completed
PRJ081-M07,PRJ081,Milestone 7,2024-11-29,2024-12-11,Completed
PRJ081-M08,PRJ081,Milestone 8,2025-01-28,2025-01-27,Completed
PRJ081-M09,PRJ081,Milestone 9,2025-03-29,,Pending
PRJ081-M10,PRJ081,Milestone 10,2025-05-28,,Pending
PRJ081-M11,PRJ081,Milestone 11,2025-07-27,,Pending
PRJ082-M01,PRJ082,Milestone 1,2023-05-05,2023-04-29,Completed
PRJ082-M02,PRJ082,Milestone 2,2023-07-04,2023-06-29,Completed
PRJ082-M03,PRJ082,Milestone 3,2023-09-02,2023-09-15,Completed
PRJ082-M04,PRJ082,Milestone 4,2023-11-01,2023-10-22,Completed
PRJ082-M05,PRJ082,Milestone 5,2023-12-31,2024-01-12,Completed
PRJ082-M06,PRJ082,Milestone 6,2024-02-29,2024-03-08,Completed
PRJ082-M07,PRJ082,Milestone 7,2024-04-29,2024-05-01,Completed
PRJ082-M08,PRJ082,Milestone 8,2024-06-28,,Pending
PRJ082-M09,PRJ082,Milestone 9,2024-08-27,,Pending
PRJ082-M10,PRJ082,Milestone 10,2024-10-26,,Pending
PRJ082-M11,PRJ082,Milestone 11,2024-12-25,,Pending
PRJ082-M12,PRJ082,Milestone 12,2025-02-23,,Pending
PRJ082-M13,PRJ082,Milestone 13,2025-04-24,,Pending
PRJ082-M14,PRJ082,Milestone 14,2025-06-23,,Pending
PRJ083-M01,PRJ083,Milestone 1,2023-12-03,2023-12-17,Completed
PRJ083-M02,PRJ083,Milestone 2,2024-02-01,2024-02-09,Completed
PRJ083-M03,PRJ083,Milestone 3,2024-04-01,,Pending
PRJ083-M04,PRJ083,Milestone 4,2024-05-31,,Pending
PRJ083-M05,PRJ083,Milestone 5,2024-07-30,,Pending
PRJ083-M06,PRJ083,Milestone 6,2024-09-28,,Pending
PRJ083-M07,PRJ083,Milestone 7,2024-11-27,,Pending
PRJ083-M08,PRJ083,Milestone 8,2025-01-26,,Pending
PRJ084-M01,PRJ084,Milestone 1,2023-03-28,2023-03-19,Completed
PRJ084-M02,PRJ084,Milestone 2,2023-05-27,2023-05-22,Completed
PRJ084-M03,PRJ084,Milestone 3,2023-07-26,2023-08-04,Completed
PRJ084-M04,PRJ084,Milestone 4,2023-09-24,2023-09-24,Completed
PRJ084-M05,PRJ084,Milestone 5,2023-11-23,2023-12-08,Completed
PRJ084-M06,PRJ084,Milestone 6,2024-01-22,2024-01-31,Completed
PRJ084-M07,PRJ084,Milestone 7,2024-03-22,2024-03-19,Completed
PRJ084-M08,PRJ084,Milestone 8,2024-05-21,,Pending
PRJ084-M09,PRJ084,Milestone 9,2024-07-20,,Pending
PRJ084-M10,PRJ084,Milestone 10,2024-09-18,,Pending
PRJ085-M01,PRJ085,Milestone 1,2024-03-08,,Pending
PRJ085-M02,PRJ085,Milestone 2,2024-05-07,,Pending
PRJ085-M03,PRJ085,Milestone 3,2024-07-06,,Pending
PRJ085-M04,PRJ085,Milestone 4,2024-09-04,,Pending
PRJ085-M05,PRJ085,Milestone 5,2024-11-03,,Pending
PRJ085-M06,PRJ085,Milestone 6,2025-01-02,,Pending
PRJ085-M07,PRJ085,Milestone 7,2025-03-03,,Pending
PRJ085-M08,PRJ085,Milestone 8,2025-05-02,,Pending
PRJ086-M01,PRJ086,Milestone 1,2023-08-13,2023-08-23,Completed
PRJ086-M02,PRJ086,Milestone 2,2023-10-12,2023-10-20,Completed
PRJ086-M03,PRJ086,Milestone 3,2023-12-11,2023-12-04,Completed
PRJ086-M04,PRJ086,Milestone 4,2024-02-09,2024-02-14,Completed
PRJ086-M05,PRJ086,Milestone 5,2024-04-09,2024-04-03,Completed
PRJ086-M06,PRJ086,Milestone 6,2024-06-08,2024-06-08,Completed
PRJ086-M07,PRJ086,Milestone 7,2024-08-07,2024-08-20,Completed
PRJ086-M08,PRJ086,Milestone 8,2024-10-06,2024-09-28,Completed
PRJ086-M09,PRJ086,Milestone 9,2024-12-05,2024-12-02,Completed
PRJ086-M10,PRJ086,Milestone 10,2025-02-03,2025-02-04,Completed
PRJ086-M11,PRJ086,Milestone 11,2025-04-04,2025-04-04,Completed
PRJ086-M12,PRJ086,Milestone 12,2025-06-03,2025-05-29,Completed
PRJ086-M13,PRJ086,Milestone 13,2025-08-02,2025-08-12,Completed
PRJ086-M14,PRJ086,Milestone 14,2025-10-01,2025-09-23,Completed
PRJ086-M15,PRJ086,Milestone 15,2025-11-30,2025-12-12,Completed
PRJ086-M16,PRJ086,Milestone 16,2026-01-29,2026-02-09,Completed
PRJ086-M17,PRJ086,Milestone 17,2026-03-30,2026-04-09,Completed
PRJ086-M18,PRJ086,Milestone 18,2026-05-29,2026-06-11,Completed
PRJ086-M19,PRJ086,Milestone 19,2026-07-28,2026-07-28,Completed
PRJ086-M20,PRJ086,Milestone 20,2026-09-26,2026-09-30,Completed
PRJ086-M21,PRJ086,Milestone 21,2026-11-25,,Pending
PRJ086-M22,PRJ086,Milestone 22,2027-01-24,,Pending
PRJ086-M23,PRJ086,Milestone 23,2027-03-25,,Pending
PRJ086-M24,PRJ086,Milestone 24,2027-05-24,,Pending
PRJ086-M25,PRJ086,Milestone 25,2027-07-23,,Pending
PRJ087-M01,PRJ087,Milestone 1,2024-04-11,2024-04-01,Completed
PRJ087-M02,PRJ087,Milestone 2,2024-06-10,2024-06-08,Completed
PRJ087-M03,PRJ087,Milestone 3,2024-08-09,2024-08-05,Completed
PRJ087-M04,PRJ087,Milestone 4,2024-10-08,2024-10-05,Completed
PRJ087-M05,PRJ087,Milestone 5,2024-12-07,2024-12-19,Completed
PRJ087-M06,PRJ087,Milestone 6,2025-02-05,2025-01-28,Completed
PRJ087-M07,PRJ087,Milestone 7,2025-04-06,2025-04-07,Completed
PRJ087-M08,PRJ087,Milestone 8,2025-06-05,2025-06-03,Completed
PRJ087-M09,PRJ087,Milestone 9,2025-08-04,2025-08-19,Completed
PRJ087-M10,PRJ087,Milestone 10,2025-10-03,2025-09-26,Completed
PRJ087-M11,PRJ087,Milestone 11,2025-12-02,2025-12-15,Completed
PRJ087-M12,PRJ087,Milestone 12,2026-01-31,2026-01-21,Completed
PRJ087-M13,PRJ087,Milestone 13,2026-04-01,2026-03-23,Completed
PRJ087-M14,PRJ087,Milestone 14,2026-05-31,2026-06-02,Completed
PRJ087-M15,PRJ087,Milestone 15,2026-07-30,2026-08-03,Completed
PRJ087-M16,PRJ087,Milestone 16,2026-09-28,2026-10-11,Completed
PRJ087-M17,PRJ087,Milestone 17,2026-11-27,2026-11-30,Completed
PRJ087-M18,PRJ087,Milestone 18,2027-01-26,2027-01-21,Completed
PRJ087-M19,PRJ087,Milestone 19,2027-03-27,,Pending
PRJ087-M20,PRJ087,Milestone 20,2027-05-26,,Pending
PRJ087-M21,PRJ087,Milestone 21,2027-07-25,,Pending
PRJ087-M22,PRJ087,Milestone 22,2027-09-23,,Pending
PRJ087-M23,PRJ087,Milestone 23,2027-11-22,,Pending
PRJ087-M24,PRJ087,Milestone 24,2028-01-21,,Pending
PRJ087-M25,PRJ087,Milestone 25,2028-03-21,,Pending
PRJ088-M01,PRJ088,Milestone 1,2024-03-09,2024-03-12,Completed
PRJ088-M02,PRJ088,Milestone 2,2024-05-08,2024-05-13,Completed
PRJ088-M03,PRJ088,Milestone 3,2024-07-07,2024-07-09,Completed
PRJ088-M04,PRJ088,Milestone 4,2024-09-05,2024-09-06,Completed
PRJ088-M05,PRJ088,Milestone 5,2024-11-04,2024-11-11,Completed
PRJ088-M06,PRJ088,Milestone 6,2025-01-03,2025-01-05,Completed
PRJ088-M07,PRJ088,Milestone 7,2025-03-04,2025-02-25,Completed
PRJ088-M08,PRJ088,Milestone 8,2025-05-03,2025-05-08,Completed
PRJ088-M09,PRJ088,Milestone 9,2025-07-02,2025-07-17,Completed
PRJ088-M10,PRJ088,Milestone 10,2025-08-31,2025-09-08,Completed
PRJ088-M11,PRJ088,Milestone 11,2025-10-30,2025-11-09,Completed
PRJ088-M12,PRJ088,Milestone 12,2025-12-29,,Pending
PRJ088-M13,PRJ088,Milestone 13,2026-02-27,,Pending
PRJ088-M14,PRJ088,Milestone 14,2026-04-28,,Pending
PRJ088-M15,PRJ088,Milestone 15,2026-06-27,,Pending
PRJ088-M16,PRJ088,Milestone 16,2026-08-26,,Pending
PRJ088-M17,PRJ088,Milestone 17,2026-10-25,,Pending
PRJ088-M18,PRJ088,Milestone 18,2026-12-24,,Pending
PRJ088-M19,PRJ088,Milestone 19,2027-02-22,,Pending
PRJ089-M01,PRJ089,Milestone 1,2023-12-11,2023-12-25,Completed
PRJ089-M02,PRJ089,Milestone 2,2024-02-09,2024-02-20,Completed
PRJ089-M03,PRJ089,Milestone 3,2024-04-09,2024-04-06,Completed
PRJ089-M04,PRJ089,Milestone 4,2024-06-08,2024-06-03,Completed
PRJ089-M05,PRJ089,Milestone 5,2024-08-07,2024-08-11,Completed
PRJ089-M06,PRJ089,Milestone 6,2024-10-06,2024-09-28,Completed
PRJ089-M07,PRJ089,Milestone 7,2024-12-05,2024-12-20,Completed
PRJ089-M08,PRJ089,Milestone 8,2025-02-03,,Pending
PRJ089-M09,PRJ089,Milestone 9,2025-04-04,,Pending
PRJ089-M10,PRJ089,Milestone 10,2025-06-03,,Pending
PRJ089-M11,PRJ089,Milestone 11,2025-08-02,,Pending
PRJ090-M01,PRJ090,Milestone 1,2023-08-29,2023-08-20,Completed
PRJ090-M02,PRJ090,Milestone 2,2023-10-28,2023-10-27,Completed
PRJ090-M03,PRJ090,Milestone 3,2023-12-27,2023-12-17,Completed
PRJ090-M04,PRJ090,Milestone 4,2024-02-25,2024-02-25,Completed
PRJ090-M05,PRJ090,Milestone 5,2024-04-25,2024-04-23,Completed
PRJ090-M06,PRJ090,Milestone 6,2024-06-24,2024-06-17,Completed
PRJ090-M07,PRJ090,Milestone 7,2024-08-23,2024-08-15,Completed
PRJ090-M08,PRJ090,Milestone 8,2024-10-22,2024-10-22,Completed
PRJ090-M09,PRJ090,Milestone 9,2024-12-21,2024-12-16,Completed
PRJ090-M10,PRJ090,Milestone 10,2025-02-19,2025-02-21,Completed
PRJ090-M11,PRJ090,Milestone 11,2025-04-20,2025-04-15,Completed
PRJ090-M12,PRJ090,Milestone 12,2025-06-19,2025-07-02,Completed
PRJ090-M13,PRJ090,Milestone 13,2025-08-18,2025-08-10,Completed
PRJ090-M14,PRJ090,Milestone 14,2025-10-17,2025-10-24,Completed
PRJ090-M15,PRJ090,Milestone 15,2025-12-16,2025-12-08,Completed
PRJ090-M16,PRJ090,Milestone 16,2026-02-14,2026-02-14,Completed
PRJ090-M17,PRJ090,Milestone 17,2026-04-15,,Pending
PRJ090-M18,PRJ090,Milestone 18,2026-06-14,,Pending
PRJ090-M19,PRJ090,Milestone 19,2026-08-13,,Pending
PRJ090-M20,PRJ090,Milestone 20,2026-10-12,,Pending
PRJ090-M21,PRJ090,Milestone 21,2026-12-11,,Pending
PRJ090-M22,PRJ090,Milestone 22,2027-02-09,,Pending
PRJ090-M23,PRJ090,Milestone 23,2027-04-10,,Pending
PRJ091-M01,PRJ091,Milestone 1,2024-05-07,2024-05-16,Completed
PRJ091-M02,PRJ091,Milestone 2,2024-07-06,2024-07-15,Completed
PRJ091-M03,PRJ091,Milestone 3,2024-09-04,2024-09-09,Completed
PRJ091-M04,PRJ091,Milestone 4,2024-11-03,2024-11-15,Completed
PRJ091-M05,PRJ091,Milestone 5,2025-01-02,2024-12-23,Completed
PRJ091-M06,PRJ091,Milestone 6,2025-03-03,2025-03-06,Completed
PRJ091-M07,PRJ091,Milestone 7,2025-05-02,2025-05-12,Completed
PRJ091-M08,PRJ091,Milestone 8,2025-07-01,2025-06-26,Completed
PRJ091-M09,PRJ091,Milestone 9,2025-08-30,2025-09-08,Completed
PRJ091-M10,PRJ091,Milestone 10,2025-10-29,2025-11-01,Completed
PRJ091-M11,PRJ091,Milestone 11,2025-12-28,2025-12-23,Completed
PRJ091-M12,PRJ091,Milestone 12,2026-02-26,2026-02-17,Completed
PRJ091-M13,PRJ091,Milestone 13,2026-04-27,2026-04-20,Completed
PRJ091-M14,PRJ091,Milestone 14,2026-06-26,2026-06-26,Completed
PRJ091-M15,PRJ091,Milestone 15,2026-08-25,2026-08-21,Completed
PRJ091-M16,PRJ091,Milestone 16,2026-10-24,,Pending
PRJ091-M17,PRJ091,Milestone 17,2026-12-23,,Pending
PRJ091-M18,PRJ091,Milestone 18,2027-02-21,,Pending
PRJ091-M19,PRJ091,Milestone 19,2027-04-22,,Pending
PRJ091-M20,PRJ091,Milestone 20,2027-06-21,,Pending
PRJ091-M21,PRJ091,Milestone 21,2027-08-20,,Pending
PRJ091-M22,PRJ091,Milestone 22,2027-10-19,,Pending
PRJ091-M23,PRJ091,Milestone 23,2027-12-18,,Pending
PRJ091-M24,PRJ091,Milestone 24,2028-02-16,,Pending
PRJ091-M25,PRJ091,Milestone 25,2028-04-16,,Pending
PRJ092-M01,PRJ092,Milestone 1,2024-06-15,2024-06-11,Completed
PRJ092-M02,PRJ092,Milestone 2,2024-08-14,2024-08-17,Completed
PRJ092-M03,PRJ092,Milestone 3,2024-10-13,2024-10-25,Completed
PRJ092-M04,PRJ092,Milestone 4,2024-12-12,2024-12-19,Completed
PRJ092-M05,PRJ092,Milestone 5,2025-02-10,2025-02-23,Completed
PRJ092-M06,PRJ092,Milestone 6,2025-04-11,2025-04-24,Completed
PRJ092-M07,PRJ092,Milestone 7,2025-06-10,2025-06-17,Completed
PRJ092-M08,PRJ092,Milestone 8,2025-08-09,2025-08-07,Completed
PRJ092-M09,PRJ092,Milestone 9,2025-10-08,2025-10-19,Completed
PRJ092-M10,PRJ092,Milestone 10,2025-12-07,2025-12-06,Completed
PRJ092-M11,PRJ092,Milestone 11,2026-02-05,2026-02-04,Completed
PRJ092-M12,PRJ092,Milestone 12,2026-04-06,,Pending
PRJ092-M13,PRJ092,Milestone 13,2026-06-05,,Pending
PRJ092-M14,PRJ092,Milestone 14,2026-08-04,,Pending
PRJ092-M15,PRJ092,Milestone 15,2026-10-03,,Pending
PRJ092-M16,PRJ092,Milestone 16,2026-12-02,,Pending
PRJ092-M17,PRJ092,Milestone 17,2027-01-31,,Pending
PRJ092-M18,PRJ092,Milestone 18,2027-04-01,,Pending
PRJ092-M19,PRJ092,Milestone 19,2027-05-31,,Pending
PRJ092-M20,PRJ092,Milestone 20,2027-07-30,,Pending
PRJ093-M01,PRJ093,Milestone 1,2023-10-20,,Pending
PRJ093-M02,PRJ093,Milestone 2,2023-12-19,,Pending
PRJ093-M03,PRJ093,Milestone 3,2024-02-17,,Pending
PRJ093-M04,PRJ093,Milestone 4,2024-04-17,,Pending
PRJ093-M05,PRJ093,Milestone 5,2024-06-16,,Pending
PRJ093-M06,PRJ093,Milestone 6,2024-08-15,,Pending
PRJ093-M07,PRJ093,Milestone 7,2024-10-14,,Pending
PRJ093-M08,PRJ093,Milestone 8,2024-12-13,,Pending
PRJ093-M09,PRJ093,Milestone 9,2025-02-11,,Pending
PRJ093-M10,PRJ093,Milestone 10,2025-04-12,,Pending
PRJ094-M01,PRJ094,Milestone 1,2024-01-06,2024-01-03,Completed
PRJ094-M02,PRJ094,Milestone 2,2024-03-06,2024-02-28,Completed
PRJ094-M03,PRJ094,Milestone 3,2024-05-05,2024-04-26,Completed
PRJ094-M04,PRJ094,Milestone 4,2024-07-04,2024-07-06,Completed
PRJ094-M05,PRJ094,Milestone 5,2024-09-02,2024-09-10,Completed
PRJ094-M06,PRJ094,Milestone 6,2024-11-01,2024-11-08,Completed
PRJ094-M07,PRJ094,Milestone 7,2024-12-31,,Pending
PRJ094-M08,PRJ094,Milestone 8,2025-03-01,,Pending
PRJ094-M09,PRJ094,Milestone 9,2025-04-30,,Pending
PRJ094-M10,PRJ094,Milestone 10,2025-06-29,,Pending
PRJ094-M11,PRJ094,Milestone 11,2025-08-28,,Pending
PRJ095-M01,PRJ095,Milestone 1,2023-09-20,2023-09-25,Completed
PRJ095-M02,PRJ095,Milestone 2,2023-11-19,2023-11-13,Completed
PRJ095-M03,PRJ095,Milestone 3,2024-01-18,2024-01-09,Completed
PRJ095-M04,PRJ095,Milestone 4,2024-03-18,2024-03-19,Completed
PRJ095-M05,PRJ095,Milestone 5,2024-05-17,2024-05-07,Completed
PRJ095-M06,PRJ095,Milestone 6,2024-07-16,2024-07-19,Completed
PRJ095-M07,PRJ095,Milestone 7,2024-09-14,,Pending
PRJ095-M08,PRJ095,Milestone 8,2024-11-13,,Pending
PRJ095-M09,PRJ095,Milestone 9,2025-01-12,,Pending
PRJ095-M10,PRJ095,Milestone 10,2025-03-13,,Pending
PRJ095-M11,PRJ095,Milestone 11,2025-05-12,,Pending
PRJ095-M12,PRJ095,Milestone 12,2025-07-11,,Pending
PRJ095-M13,PRJ095,Milestone 13,2025-09-09,,Pending
PRJ095-M14,PRJ095,Milestone 14,2025-11-08,,Pending
PRJ096-M01,PRJ096,Milestone 1,2023-09-12,2023-09-04,Completed
PRJ096-M02,PRJ096,Milestone 2,2023-11-11,2023-11-10,Completed
PRJ096-M03,PRJ096,Milestone 3,2024-01-10,2024-01-21,Completed
PRJ096-M04,PRJ096,Milestone 4,2024-03-10,2024-03-20,Completed
PRJ096-M05,PRJ096,Milestone 5,2024-05-09,2024-05-18,Completed
PRJ096-M06,PRJ096,Milestone 6,2024-07-08,2024-07-13,Completed
PRJ096-M07,PRJ096,Milestone 7,2024-09-06,2024-09-02,Completed
PRJ096-M08,PRJ096,Milestone 8,2024-11-05,2024-10-29,Completed
PRJ096-M09,PRJ096,Milestone 9,2025-01-04,2024-12-25,Completed
PRJ096-M10,PRJ096,Milestone 10,2025-03-05,2025-03-01,Completed
PRJ096-M11,PRJ096,Milestone 11,2025-05-04,,Pending
PRJ096-M12,PRJ096,Milestone 12,2025-07-03,,Pending
PRJ096-M13,PRJ096,Milestone 13,2025-09-01,,Pending
PRJ096-M14,PRJ096,Milestone 14,2025-10-31,,Pending
PRJ096-M15,PRJ096,Milestone 15,2025-12-30,,Pending
PRJ096-M16,PRJ096,Milestone 16,2026-02-28,,Pending
PRJ096-M17,PRJ096,Milestone 17,2026-04-29,,Pending
PRJ096-M18,PRJ096,Milestone 18,2026-06-28,,Pending
PRJ096-M19,PRJ096,Milestone 19,2026-08-27,,Pending
PRJ097-M01,PRJ097,Milestone 1,2023-12-20,2023-12-15,Completed
PRJ097-M02,PRJ097,Milestone 2,2024-02-18,2024-02-28,Completed
PRJ097-M03,PRJ097,Milestone 3,2024-04-18,2024-04-17,Completed
PRJ097-M04,PRJ097,Milestone 4,2024-06-17,2024-06-09,Completed
PRJ097-M05,PRJ097,Milestone 5,2024-08-16,2024-08-21,Completed
PRJ097-M06,PRJ097,Milestone 6,2024-10-15,2024-10-08,Completed
PRJ097-M07,PRJ097,Milestone 7,2024-12-14,2024-12-13,Completed
PRJ097-M08,PRJ097,Milestone 8,2025-02-12,2025-02-27,Completed
PRJ097-M09,PRJ097,Milestone 9,2025-04-13,2025-04-15,Completed
PRJ097-M10,PRJ097,Milestone 10,2025-06-12,2025-06-17,Completed
PRJ097-M11,PRJ097,Milestone 11,2025-08-11,,Pending
PRJ097-M12,PRJ097,Milestone 12,2025-10-10,,Pending
PRJ097-M13,PRJ097,Milestone 13,2025-12-09,,Pending
PRJ097-M14,PRJ097,Milestone 14,2026-02-07,,Pending
PRJ097-M15,PRJ097,Milestone 15,2026-04-08,,Pending
PRJ097-M16,PRJ097,Milestone 16,2026-06-07,,Pending
PRJ097-M17,PRJ097,Milestone 17,2026-08-06,,Pending
PRJ097-M18,PRJ097,Milestone 18,2026-10-05,,Pending
PRJ097-M19,PRJ097,Milestone 19,2026-12-04,,Pending
PRJ097-M20,PRJ097,Milestone 20,2027-02-02,,Pending
PRJ098-M01,PRJ098,Milestone 1,2023-07-04,2023-07-09,Completed
PRJ098-M02,PRJ098,Milestone 2,2023-09-02,2023-09-13,Completed
PRJ098-M03,PRJ098,Milestone 3,2023-11-01,2023-10-30,Completed
PRJ098-M04,PRJ098,Milestone 4,2023-12-31,2023-12-23,Completed
PRJ098-M05,PRJ098,Milestone 5,2024-02-29,2024-03-10,Completed
PRJ098-M06,PRJ098,Milestone 6,2024-04-29,2024-05-06,Completed
PRJ098-M07,PRJ098,Milestone 7,2024-06-28,2024-06-30,Completed
PRJ098-M08,PRJ098,Milestone 8,2024-08-27,2024-08-22,Completed
PRJ098-M09,PRJ098,Milestone 9,2024-10-26,2024-10-27,Completed
PRJ098-M10,PRJ098,Milestone 10,2024-12-25,2024-12-27,Completed
PRJ098-M11,PRJ098,Milestone 11,2025-02-23,2025-02-24,Completed
PRJ098-M12,PRJ098,Milestone 12,2025-04-24,2025-04-19,Completed
PRJ098-M13,PRJ098,Milestone 13,2025-06-23,,Pending
PRJ098-M14,PRJ098,Milestone 14,2025-08-22,,Pending
PRJ098-M15,PRJ098,Milestone 15,2025-10-21,,Pending
PRJ098-M16,PRJ098,Milestone 16,2025-12-20,,Pending
PRJ098-M17,PRJ098,Milestone 17,2026-02-18,,Pending
PRJ099-M01,PRJ099,Milestone 1,2024-06-07,2024-06-11,Completed
PRJ099-M02,PRJ099,Milestone 2,2024-08-06,2024-07-28,Completed
PRJ099-M03,PRJ099,Milestone 3,2024-10-05,2024-10-03,Completed
PRJ099-M04,PRJ099,Milestone 4,2024-12-04,2024-12-08,Completed
PRJ099-M05,PRJ099,Milestone 5,2025-02-02,2025-02-06,Completed
PRJ099-M06,PRJ099,Milestone 6,2025-04-03,2025-04-01,Completed
PRJ099-M07,PRJ099,Milestone 7,2025-06-02,,Pending
PRJ099-M08,PRJ099,Milestone 8,2025-08-01,,Pending
PRJ099-M09,PRJ099,Milestone 9,2025-09-30,,Pending
PRJ099-M10,PRJ099,Milestone 10,2025-11-29,,Pending
PRJ099-M11,PRJ099,Milestone 11,2026-01-28,,Pending
PRJ099-M12,PRJ099,Milestone 12,2026-03-29,,Pending
PRJ099-M13,PRJ099,Milestone 13,2026-05-28,,Pending
PRJ099-M14,PRJ099,Milestone 14,2026-07-27,,Pending
PRJ099-M15,PRJ099,Milestone 15,2026-09-25,,Pending
PRJ100-M01,PRJ100,Milestone 1,2023-10-25,2023-10-22,Completed
PRJ100-M02,PRJ100,Milestone 2,2023-12-24,2023-12-22,Completed
PRJ100-M03,PRJ100,Milestone 3,2024-02-22,2024-03-01,Completed
PRJ100-M04,PRJ100,Milestone 4,2024-04-22,2024-04-13,Completed
PRJ100-M05,PRJ100,Milestone 5,2024-06-21,2024-06-15,Completed
PRJ100-M06,PRJ100,Milestone 6,2024-08-20,2024-09-03,Completed
PRJ100-M07,PRJ100,Milestone 7,2024-10-19,2024-10-31,Completed
PRJ100-M08,PRJ100,Milestone 8,2024-12-18,2024-12-29,Completed
PRJ100-M09,PRJ100,Milestone 9,2025-02-16,2025-02-09,Completed
PRJ100-M10,PRJ100,Milestone 10,2025-04-17,2025-04-09,Completed
PRJ100-M11,PRJ100,Milestone 11,2025-06-16,2025-06-27,Completed
PRJ100-M12,PRJ100,Milestone 12,2025-08-15,2025-08-16,Completed
PRJ100-M13,PRJ100,Milestone 13,2025-10-14,2025-10-29,Completed
PRJ100-M14,PRJ100,Milestone 14,2025-12-13,2025-12-20,Completed
PRJ100-M15,PRJ100,Milestone 15,2026-02-11,2026-02-14,Completed
PRJ100-M16,PRJ100,Milestone 16,2026-04-12,2026-04-26,Completed
PRJ100-M17,PRJ100,Milestone 17,2026-06-11,2026-06-19,Completed
PRJ100-M18,PRJ100,Milestone 18,2026-08-10,2026-08-07,Completed
