project_id,project_name,ministry,sector,state,sanctioned_cost,revised_cost,expenditure,start_date,original_completion_date,revised_completion_date,planned_progress,actual_progress,total_milestones,completed_milestones,overdue_milestones,progress_health,milestone_health,cost_health,schedule_delay_days,schedule_health,trend_health,health_score,health_category
PRJ001,Infrastructure Project 001,Ministry of Railways,Railways,Uttar Pradesh,151,248,63.64,2023-11-24,2025-07-30,2025-09-13,87,80,12,3,8,91.95402298850574,0.0,100.0,378,0.0,73.33333333333333,48.99,At Risk
PRJ002,Infrastructure Project 002,Ministry of Power,Housing,Bihar,1566,1697,988.86,2023-10-15,2025-09-17,2025-08-23,81,47,15,12,2,58.0246913580247,70.0,83.8544061302682,399,0.0,61.33333333333333,50.28,At Risk
PRJ003,Infrastructure Project 003,Ministry of Jal Shakti,Roads,Karnataka,1663,1605,523.72,2023-03-21,2025-03-10,2025-02-15,61,65,11,6,2,100.0,44.54545454545454,100.0,588,0.0,65.33333333333334,58.71,At Risk
PRJ004,Infrastructure Project 004,Ministry of Housing,Roads,Madhya Pradesh,700,1145,478.07,2023-02-10,2026-01-10,2026-01-03,93,63,19,18,0,67.74193548387096,94.73684210526315,94.70428571428572,266,0.0,68.0,60.29,Watch
PRJ005,Infrastructure Project 005,Ministry of Railways,Water,Madhya Pradesh,878,840,610.19,2024-03-19,2025-11-12,2026-01-17,57,38,19,11,5,66.66666666666666,32.89473684210527,68.50227790432801,252,0.0,74.66666666666666,44.72,At Risk
PRJ006,Infrastructure Project 006,Ministry of Housing,Power,Bihar,877,875,641.71,2023-03-25,2025-11-22,2025-11-15,57,27,15,15,0,47.368421052631575,100.0,53.82896237172177,315,0.0,66.66666666666666,49.92,At Risk
PRJ007,Infrastructure Project 007,Ministry of Jal Shakti,Power,Karnataka,1970,2402,926.44,2023-02-03,2025-01-19,2025-07-02,76,41,23,19,3,53.94736842105263,67.6086956521739,93.9725888324873,451,0.0,64.0,50.7,At Risk
PRJ008,Infrastructure Project 008,Ministry of Road Transport,Power,Karnataka,383,364,120.12,2023-07-05,2025-06-28,2025-06-15,72,51,9,1,2,70.83333333333334,1.1111111111111107,100.0,468,0.0,76.0,44.33,At Risk
PRJ009,Infrastructure Project 009,Ministry of Railways,Power,Uttar Pradesh,1183,1455,1008.56,2023-11-02,2026-07-08,2026-06-29,56,31,8,1,4,55.35714285714286,0.0,45.74556213017752,89,50.55555555555556,73.33333333333333,44.34,At Risk
PRJ010,Infrastructure Project 010,Ministry of Housing,Railways,Uttar Pradesh,1125,1116,681.05,2024-05-03,2026-06-11,2026-06-05,88,87,11,11,0,98.86363636363636,100.0,100.0,113,37.22222222222222,74.66666666666666,80.22,Healthy
PRJ011,Infrastructure Project 011,Ministry of Power,Roads,Rajasthan,1100,1095,990.41,2023-11-03,2026-02-11,2026-04-22,41,44,17,10,0,100.0,58.82352941176471,53.96272727272728,157,12.777777777777771,70.66666666666667,58.65,At Risk
PRJ012,Infrastructure Project 012,Ministry of Housing,Power,Tamil Nadu,1073,1032,467.33,2023-03-07,2026-05-25,2026-05-04,75,75,21,14,3,100.0,51.66666666666666,100.0,145,19.444444444444443,62.66666666666667,64.59,Watch
PRJ013,Infrastructure Project 013,Ministry of Road Transport,Roads,Gujarat,560,553,148.25,2023-03-03,2025-03-25,2025-05-24,44,33,25,18,3,75.0,57.0,100.0,490,0.0,57.333333333333336,53.75,At Risk
PRJ014,Infrastructure Project 014,Ministry of Road Transport,Roads,Karnataka,587,734,346.21,2023-02-06,2025-11-28,2026-07-24,57,25,25,17,7,43.859649122807014,33.0,66.02044293015332,64,64.44444444444444,57.333333333333336,52.18,At Risk
PRJ015,Infrastructure Project 015,Ministry of Railways,Railways,Tamil Nadu,941,926,678.8,2023-07-01,2026-01-19,2026-01-16,69,76,11,1,6,100.0,0.0,100.0,253,0.0,81.33333333333333,52.2,At Risk
PRJ016,Infrastructure Project 016,Ministry of Railways,Railways,Karnataka,475,473,201.81,2023-03-13,2025-09-30,2025-11-06,57,38,10,7,0,66.66666666666666,70.0,95.51368421052632,324,0.0,56.00000000000001,53.39,At Risk
PRJ017,Infrastructure Project 017,Ministry of Power,Housing,Karnataka,537,988,473.48,2023-09-06,2026-05-25,2026-04-30,95,80,13,9,0,84.21052631578947,69.23076923076923,91.82867783985103,149,17.22222222222223,74.66666666666666,64.18,Watch
PRJ018,Infrastructure Project 018,Ministry of Road Transport,Roads,Tamil Nadu,1455,1415,521.41,2023-12-23,2026-11-26,2026-11-03,85,64,17,10,0,75.29411764705883,58.82352941176471,100.0,0,100.0,81.33333333333333,82.79,Healthy
PRJ019,Infrastructure Project 019,Ministry of Jal Shakti,Railways,Uttar Pradesh,422,419,129.16,2023-09-15,2026-07-24,2027-03-17,43,21,13,4,9,48.837209302325576,0.0,90.39336492890995,0,100.0,70.66666666666667,61.37,Watch
PRJ020,Infrastructure Project 020,Ministry of Railways,Housing,Tamil Nadu,958,1210,618.54,2023-11-14,2025-06-19,2025-06-11,82,55,18,12,1,67.07317073170732,61.66666666666666,90.43423799582463,472,0.0,61.33333333333333,51.87,At Risk
PRJ021,Infrastructure Project 021,Ministry of Railways,Housing,Bihar,119,204,112.92,2023-06-11,2025-01-05,2025-08-01,69,40,11,2,8,57.971014492753625,0.0,45.10924369747899,421,0.0,65.33333333333334,31.06,Critical
PRJ022,Infrastructure Project 022,Ministry of Railways,Housing,Maharashtra,1807,2306,834.4,2023-03-22,2025-10-25,2026-01-16,74,39,24,14,10,52.702702702702695,8.333333333333336,92.82401770890979,253,0.0,66.66666666666666,38.77,Critical
PRJ023,Infrastructure Project 023,Ministry of Housing,Roads,Maharashtra,1620,1558,713.84,2024-03-31,2025-11-30,2025-11-14,75,76,14,9,1,100.0,59.28571428571429,100.0,316,0.0,58.666666666666664,60.66,Watch
PRJ024,Infrastructure Project 024,Ministry of Road Transport,Roads,Maharashtra,1798,1727,453.96,2023-11-21,2026-06-11,2027-02-14,57,65,12,12,0,100.0,100.0,100.0,0,100.0,81.33333333333333,97.2,Healthy
PRJ025,Infrastructure Project 025,Ministry of Railways,Railways,Maharashtra,1217,1450,800.49,2024-04-28,2026-02-09,2026-03-31,42,29,12,8,1,69.04761904761905,61.66666666666666,63.22432210353328,179,0.5555555555555571,70.66666666666667,49.82,At Risk
PRJ026,Infrastructure Project 026,Ministry of Road Transport,Railways,Gujarat,1910,1858,1779.52,2023-07-01,2026-06-08,2026-05-11,95,79,12,5,2,83.15789473684211,31.66666666666667,85.83141361256546,138,23.33333333333333,81.33333333333333,58.03,At Risk
PRJ027,Infrastructure Project 027,Ministry of Housing,Housing,Madhya Pradesh,1742,2027,760.84,2024-02-05,2026-08-14,2026-07-19,82,77,11,7,0,93.90243902439023,63.63636363636363,100.0,69,61.666666666666664,81.33333333333333,78.82,Watch
PRJ028,Infrastructure Project 028,Ministry of Housing,Roads,Maharashtra,1451,1775,696.17,2023-04-25,2024-09-30,2024-09-04,52,37,10,4,2,71.15384615384616,30.0,89.02136457615438,752,0.0,62.66666666666667,46.54,At Risk
PRJ029,Infrastructure Project 029,Ministry of Power,Water,Madhya Pradesh,465,462,128.7,2024-03-25,2026-05-01,2026-04-15,77,71,21,16,5,92.20779220779221,51.19047619047619,100.0,164,8.888888888888886,74.66666666666666,61.71,Watch
PRJ030,Infrastructure Project 030,Ministry of Jal Shakti,Housing,Maharashtra,1551,1770,952.23,2023-05-11,2024-11-06,2024-10-16,67,77,25,25,0,100.0,100.0,100.0,710,0.0,74.66666666666666,71.2,Watch
PRJ031,Infrastructure Project 031,Ministry of Railways,Water,Bihar,1138,1534,609.83,2024-01-04,2026-03-21,2026-10-31,59,27,20,14,4,45.76271186440678,50.0,73.41212653778558,0,100.0,57.333333333333336,66.05,Watch
PRJ032,Infrastructure Project 032,Ministry of Power,Railways,Maharashtra,1807,1742,814.67,2023-07-27,2026-06-22,2026-06-16,40,31,21,20,1,77.5,90.23809523809523,85.91588267847261,102,43.333333333333336,84.0,73.74,Watch
PRJ033,Infrastructure Project 033,Ministry of Railways,Power,Maharashtra,1459,1532,707.08,2023-05-26,2026-03-18,2026-04-29,80,51,15,15,0,63.74999999999999,100.0,100.0,150,16.666666666666657,70.66666666666667,65.7,Watch
PRJ034,Infrastructure Project 034,Ministry of Power,Railways,Rajasthan,1914,1901,739.0,2023-08-22,2026-03-03,2026-04-04,80,54,20,17,3,67.5,70.0,100.0,175,2.7777777777777857,76.0,57.97,At Risk
PRJ035,Infrastructure Project 035,Ministry of Housing,Power,Karnataka,1051,1013,446.09,2024-02-16,2026-12-12,2026-11-25,43,18,11,8,1,41.86046511627907,67.72727272727273,75.55566127497622,0,100.0,72.00000000000001,71.14,Watch
PRJ036,Infrastructure Project 036,Ministry of Housing,Power,Maharashtra,1013,1185,572.39,2024-03-01,2027-01-26,2027-01-06,50,30,15,15,0,60.0,100.0,73.49555774925963,0,100.0,60.0,80.02,Healthy
PRJ037,Infrastructure Project 037,Ministry of Railways,Roads,Karnataka,580,991,274.8,2024-01-01,2026-03-03,2026-06-19,57,46,25,16,2,80.7017543859649,54.0,98.62068965517241,99,44.99999999999999,66.66666666666666,67.02,Watch
PRJ038,Infrastructure Project 038,Ministry of Jal Shakti,Power,Tamil Nadu,1211,1652,355.53,2023-07-28,2025-11-12,2025-10-15,69,53,21,17,4,76.81159420289855,60.95238095238095,100.0,346,0.0,62.66666666666667,55.79,At Risk
PRJ039,Infrastructure Project 039,Ministry of Power,Railways,Bihar,711,697,602.51,2023-01-04,2025-05-13,2025-04-15,88,74,21,19,2,84.0909090909091,80.47619047619048,89.25879043600563,529,0.0,58.666666666666664,59.31,At Risk
PRJ040,Infrastructure Project 040,Ministry of Power,Water,Uttar Pradesh,159,159,114.2,2023-08-12,2026-05-05,2026-04-18,64,53,20,12,7,82.8125,25.0,81.17610062893081,161,10.555555555555557,70.66666666666667,51.12,At Risk
PRJ041,Infrastructure Project 041,Ministry of Power,Housing,Maharashtra,977,1169,368.53,2023-02-12,2026-04-15,2026-11-25,48,29,16,12,2,60.416666666666664,65.0,91.27942681678608,0,100.0,69.33333333333334,77.2,Watch
PRJ042,Infrastructure Project 042,Ministry of Railways,Railways,Uttar Pradesh,1634,1631,1552.19,2023-08-29,2025-01-29,2025-01-05,74,81,19,12,1,100.0,58.1578947368421,86.00673194614443,629,0.0,68.0,59.73,At Risk
PRJ043,Infrastructure Project 043,Ministry of Road Transport,Railways,Bihar,588,1020,422.55,2023-11-15,2025-09-01,2025-08-13,48,28,14,11,2,58.333333333333336,68.57142857142857,56.13775510204081,409,0.0,82.66666666666667,49.12,At Risk
PRJ044,Infrastructure Project 044,Ministry of Housing,Water,Maharashtra,152,151,110.07,2023-02-25,2026-02-21,2026-07-25,59,33,20,16,1,55.932203389830505,75.0,60.58552631578948,63,65.0,44.0,60.92,Watch
PRJ045,Infrastructure Project 045,Ministry of Power,Roads,Karnataka,1702,2173,1060.21,2024-02-12,2027-01-26,2027-01-13,42,30,19,10,8,71.42857142857143,12.631578947368418,67.70799059929496,0,100.0,57.333333333333336,64.14,Watch
PRJ046,Infrastructure Project 046,Ministry of Power,Power,Karnataka,1401,1726,1043.91,2024-05-06,2026-09-23,2026-08-29,93,74,21,13,8,79.56989247311827,21.904761904761905,99.4882226980728,28,84.44444444444444,84.0,72.91,Watch
PRJ047,Infrastructure Project 047,Ministry of Road Transport,Power,Gujarat,649,871,539.65,2024-02-27,2027-03-09,2027-10-19,60,55,10,4,3,91.66666666666666,25.0,71.84899845916796,0,100.0,61.33333333333333,72.89,Watch
PRJ048,Infrastructure Project 048,Ministry of Power,Power,Madhya Pradesh,534,952,260.72,2023-04-04,2025-12-28,2025-12-21,62,56,16,14,0,90.32258064516128,87.5,100.0,279,0.0,61.33333333333333,64.28,Watch
PRJ049,Infrastructure Project 049,Ministry of Power,Water,Gujarat,1422,1375,801.61,2023-12-20,2026-09-02,2027-03-07,85,64,8,1,4,75.29411764705883,0.0,100.0,0,100.0,73.33333333333333,69.82,Watch
PRJ050,Infrastructure Project 050,Ministry of Jal Shakti,Railways,Madhya Pradesh,777,1207,441.04,2023-08-06,2026-07-04,2026-10-03,62,28,17,11,1,45.16129032258064,59.705882352941174,71.23809523809524,0,100.0,77.33333333333333,70.52,Watch
PRJ051,Infrastructure Project 051,Ministry of Housing,Railways,Bihar,666,652,621.79,2023-04-21,2026-01-10,2026-01-01,86,59,24,23,1,68.6046511627907,90.83333333333334,65.63813813813815,268,0.0,62.66666666666667,54.56,At Risk
PRJ052,Infrastructure Project 052,Ministry of Road Transport,Roads,Bihar,359,344,334.59,2023-01-08,2025-11-19,2025-10-26,57,65,25,19,5,100.0,51.0,71.79944289693594,335,0.0,52.0,53.77,At Risk
PRJ053,Infrastructure Project 053,Ministry of Road Transport,Railways,Rajasthan,1002,1347,927.7,2023-08-29,2026-05-15,2026-05-13,61,60,16,13,0,98.36065573770492,81.25,67.41516966067863,136,24.444444444444443,58.666666666666664,65.86,Watch
PRJ054,Infrastructure Project 054,Ministry of Housing,Water,Karnataka,722,694,240.37,2024-02-20,2027-01-31,2027-01-02,45,40,21,20,0,88.88888888888889,95.23809523809523,100.0,0,100.0,64.0,90.87,Healthy
PRJ055,Infrastructure Project 055,Ministry of Jal Shakti,Roads,Rajasthan,1371,1509,1264.17,2023-06-06,2026-05-23,2026-10-22,43,14,11,4,3,32.55813953488372,21.363636363636367,21.792122538293214,0,100.0,61.33333333333333,49.88,At Risk
PRJ056,Infrastructure Project 056,Ministry of Railways,Housing,Madhya Pradesh,1022,1018,591.68,2023-01-02,2025-07-08,2025-06-24,84,56,9,3,2,66.66666666666666,23.33333333333333,98.10567514677103,459,0.0,68.0,46.25,At Risk
PRJ057,Infrastructure Project 057,Ministry of Road Transport,Power,Bihar,1215,1187,430.47,2023-08-06,2025-04-14,2025-10-08,54,23,16,8,1,42.592592592592595,45.0,87.57037037037037,353,0.0,70.66666666666667,43.38,At Risk
PRJ058,Infrastructure Project 058,Ministry of Road Transport,Roads,Madhya Pradesh,657,641,391.35,2023-12-25,2026-06-24,2026-06-05,72,48,10,9,0,66.66666666666666,90.0,88.4337899543379,113,37.22222222222222,68.0,67.44,Watch
PRJ059,Infrastructure Project 059,Ministry of Power,Housing,Rajasthan,1812,1746,1197.71,2024-05-07,2027-08-10,2028-05-06,95,69,8,4,4,72.63157894736842,30.0,100.0,0,100.0,50.66666666666666,71.76,Watch
PRJ060,Infrastructure Project 060,Ministry of Power,Power,Bihar,1400,1618,1299.67,2023-10-27,2026-05-30,2026-09-19,92,71,23,18,3,77.17391304347827,63.26086956521739,78.16642857142857,7,96.11111111111111,66.66666666666666,77.7,Watch
PRJ061,Infrastructure Project 061,Ministry of Road Transport,Water,Tamil Nadu,1766,1701,486.86,2023-12-06,2026-06-03,2027-01-25,88,63,10,5,2,71.5909090909091,40.0,100.0,0,100.0,46.666666666666664,72.9,Watch
PRJ062,Infrastructure Project 062,Ministry of Housing,Power,Tamil Nadu,484,601,331.95,2023-07-31,2025-02-05,2025-01-19,73,60,23,23,0,82.1917808219178,100.0,91.41528925619835,615,0.0,68.0,64.46,Watch
PRJ063,Infrastructure Project 063,Ministry of Power,Roads,Rajasthan,1390,1498,1038.12,2023-03-04,2024-08-14,2024-07-19,78,73,17,15,0,93.58974358974359,88.23529411764706,98.31510791366908,799,0.0,66.66666666666666,65.79,Watch
PRJ064,Infrastructure Project 064,Ministry of Jal Shakti,Railways,Maharashtra,1142,1498,617.64,2023-09-13,2025-11-19,2025-11-13,85,78,23,20,1,91.76470588235294,81.95652173913044,100.0,317,0.0,65.33333333333334,64.13,Watch
PRJ065,Infrastructure Project 065,Ministry of Railways,Power,Tamil Nadu,796,765,347.87,2023-05-22,2025-12-01,2025-11-10,90,68,8,4,2,75.55555555555556,40.0,100.0,320,0.0,60.0,50.89,At Risk
PRJ066,Infrastructure Project 066,Ministry of Housing,Power,Karnataka,1230,1302,632.28,2023-06-26,2025-10-13,2026-06-10,88,64,18,11,3,72.72727272727273,46.111111111111114,100.0,108,40.0,65.33333333333334,62.2,Watch
PRJ067,Infrastructure Project 067,Ministry of Power,Roads,Tamil Nadu,1722,2219,1612.78,2023-07-17,2026-10-08,2026-12-28,92,61,23,13,2,66.30434782608695,46.52173913043478,67.34262485481997,0,100.0,76.0,72.38,Watch
PRJ068,Infrastructure Project 068,Ministry of Housing,Water,Karnataka,939,1425,872.3,2023-01-08,2024-10-16,2024-12-26,95,64,10,7,2,67.36842105263158,60.0,71.10330138445154,639,0.0,65.33333333333334,49.31,At Risk
PRJ069,Infrastructure Project 069,Ministry of Road Transport,Power,Maharashtra,1383,1549,1190.3,2024-05-03,2026-08-05,2027-01-29,85,64,9,9,0,75.29411764705883,100.0,77.93347794649313,0,100.0,64.0,85.11,Healthy
PRJ070,Infrastructure Project 070,Ministry of Power,Railways,Madhya Pradesh,1541,1782,863.85,2024-01-25,2027-03-18,2027-03-07,95,99,17,7,0,100.0,41.17647058823529,100.0,0,100.0,76.0,84.64,Healthy
PRJ071,Infrastructure Project 071,Ministry of Railways,Railways,Tamil Nadu,1259,1607,464.56,2023-09-29,2026-04-07,2026-03-09,83,82,10,9,1,98.79518072289156,85.0,100.0,201,0.0,62.66666666666667,66.1,Watch
PRJ072,Infrastructure Project 072,Ministry of Housing,Power,Bihar,1041,1391,267.1,2023-11-23,2025-12-22,2026-07-16,56,24,22,16,5,42.857142857142854,47.727272727272734,98.34197886647453,72,60.0,68.0,60.21,Watch
PRJ073,Infrastructure Project 073,Ministry of Power,Housing,Uttar Pradesh,507,507,164.6,2023-08-22,2025-11-08,2025-10-30,64,44,20,19,1,68.75,90.0,100.0,331,0.0,62.66666666666667,59.59,At Risk
PRJ074,Infrastructure Project 074,Ministry of Railways,Roads,Uttar Pradesh,1964,2361,1635.99,2023-10-17,2025-04-19,2025-09-24,78,57,17,10,5,73.07692307692307,33.82352941176471,73.7011201629328,367,0.0,77.33333333333333,47.69,At Risk
PRJ075,Infrastructure Project 075,Ministry of Jal Shakti,Housing,Bihar,168,620,128.13,2023-06-08,2026-01-14,2026-01-10,77,64,10,4,2,83.11688311688312,30.0,87.73214285714286,259,0.0,50.66666666666666,47.54,At Risk
PRJ076,Infrastructure Project 076,Ministry of Power,Water,Gujarat,626,1116,580.41,2024-03-01,2025-12-29,2026-05-23,92,72,17,12,0,78.26086956521739,70.58823529411765,79.28274760383387,126,30.0,69.33333333333334,63.48,Watch
PRJ077,Infrastructure Project 077,Ministry of Road Transport,Railways,Tamil Nadu,128,126,43.07,2023-02-16,2025-08-08,2025-07-09,56,32,19,19,0,57.14285714285714,100.0,98.3515625,444,0.0,58.666666666666664,57.84,At Risk
PRJ078,Infrastructure Project 078,Ministry of Power,Roads,Rajasthan,1910,2114,1701.2,2023-01-13,2026-02-20,2026-01-29,75,65,15,15,0,86.66666666666667,100.0,75.93193717277487,240,0.0,68.0,63.26,Watch
PRJ079,Infrastructure Project 079,Ministry of Power,Water,Rajasthan,723,689,229.94,2023-01-24,2024-07-15,2024-06-22,71,74,25,17,6,100.0,38.0,100.0,826,0.0,56.00000000000001,56.0,At Risk
PRJ080,Infrastructure Project 080,Ministry of Housing,Roads,Gujarat,1441,1928,981.26,2024-03-29,2026-10-09,2027-03-08,46,25,16,6,5,54.347826086956516,12.5,56.90423317140875,0,100.0,77.33333333333333,61.22,Watch
PRJ081,Infrastructure Project 081,Ministry of Road Transport,Housing,Madhya Pradesh,834,833,369.56,2023-10-06,2026-12-09,2026-11-20,43,28,11,8,0,65.11627906976744,72.72727272727273,83.68824940047962,0,100.0,66.66666666666666,78.38,Watch
PRJ082,Infrastructure Project 082,Ministry of Housing,Railways,Rajasthan,520,520,205.41,2023-03-06,2026-02-16,2026-01-28,44,19,14,7,5,43.18181818181818,25.0,79.49807692307692,241,0.0,68.0,37.92,Critical
PRJ083,Infrastructure Project 083,Ministry of Road Transport,Railways,Bihar,1735,1694,1236.6,2023-10-04,2025-10-29,2025-10-11,51,54,8,2,0,100.0,25.0,82.72622478386168,350,0.0,73.33333333333333,53.41,At Risk
PRJ084,Infrastructure Project 084,Ministry of Jal Shakti,Railways,Uttar Pradesh,1619,1562,533.55,2023-01-27,2024-10-17,2024-10-14,66,43,10,7,3,65.15151515151516,55.0,100.0,712,0.0,56.00000000000001,50.69,At Risk
PRJ085,Infrastructure Project 085,Ministry of Power,Roads,Maharashtra,1167,1468,817.3,2024-01-08,2027-03-27,2027-03-24,59,40,8,0,7,67.79661016949152,0.0,69.96572407883463,0,100.0,54.666666666666664,60.64,Watch
PRJ086,Infrastructure Project 086,Ministry of Jal Shakti,Power,Maharashtra,403,387,178.33,2023-06-14,2026-07-10,2026-06-26,44,46,25,20,3,100.0,65.0,100.0,92,48.88888888888889,68.0,75.42,Watch
PRJ087,Infrastructure Project 087,Ministry of Power,Power,Karnataka,1846,2319,1595.67,2024-02-11,2025-10-20,2026-05-11,81,50,25,18,6,61.72839506172839,42.0,63.56067172264355,138,23.33333333333333,70.66666666666667,49.8,At Risk
PRJ088,Infrastructure Project 088,Ministry of Road Transport,Housing,Rajasthan,740,713,529.53,2024-01-09,2025-08-28,2025-11-13,67,57,19,11,7,85.07462686567165,22.894736842105267,85.44189189189188,317,0.0,69.33333333333334,49.06,At Risk
PRJ089,Infrastructure Project 089,Ministry of Housing,Water,Bihar,1301,1295,625.46,2023-10-12,2025-04-25,2025-04-12,75,50,11,7,2,66.66666666666666,53.63636363636363,100.0,532,0.0,70.66666666666667,52.99,At Risk
PRJ090,Infrastructure Project 090,Ministry of Jal Shakti,Railways,Karnataka,1283,1248,459.71,2023-06-30,2025-02-25,2025-02-22,72,69,23,16,1,95.83333333333334,64.56521739130434,100.0,581,0.0,77.33333333333333,63.47,Watch
PRJ091,Infrastructure Project 091,Ministry of Railways,Housing,Bihar,1671,1668,1135.45,2024-03-08,2027-02-15,2027-02-07,92,63,25,15,9,68.47826086956522,15.0,95.04967085577498,0,100.0,70.66666666666667,69.98,Watch
PRJ092,Infrastructure Project 092,Ministry of Railways,Power,Karnataka,818,785,702.58,2024-04-16,2026-08-11,2026-08-09,40,39,20,11,2,97.5,45.00000000000001,53.11002444987774,48,73.33333333333333,78.66666666666667,71.47,Watch
PRJ093,Infrastructure Project 093,Ministry of Power,Power,Tamil Nadu,422,414,318.66,2023-08-21,2025-12-17,2026-02-26,63,54,10,0,2,85.71428571428571,0.0,78.48815165876776,212,0.0,72.00000000000001,44.0,At Risk
PRJ094,Infrastructure Project 094,Ministry of Housing,Roads,Madhya Pradesh,948,915,737.98,2023-11-07,2026-06-16,2027-03-22,57,54,11,6,3,94.73684210526315,39.54545454545454,76.15400843881856,0,100.0,68.0,78.22,Watch
PRJ095,Infrastructure Project 095,Ministry of Power,Railways,Rajasthan,212,644,97.73,2023-07-22,2026-08-08,2027-05-19,40,37,14,6,4,92.5,22.857142857142854,90.90094339622641,0,100.0,57.333333333333336,74.93,Watch
PRJ096,Infrastructure Project 096,Ministry of Road Transport,Housing,Karnataka,1541,1826,987.95,2023-07-14,2026-05-24,2026-05-24,54,32,19,10,6,59.25925925925925,22.631578947368418,67.88903309539259,125,30.555555555555557,57.333333333333336,45.76,At Risk
PRJ097,Infrastructure Project 097,Ministry of Road Transport,Power,Maharashtra,1553,1507,702.98,2023-10-21,2026-04-22,2027-01-12,80,64,20,10,5,80.0,25.0,100.0,0,100.0,52.0,72.8,Watch
PRJ098,Infrastructure Project 098,Ministry of Road Transport,Water,Madhya Pradesh,1306,1680,398.4,2023-05-05,2025-12-06,2026-09-23,65,42,17,12,1,64.61538461538461,65.58823529411765,100.0,3,98.33333333333333,77.33333333333333,80.45,Healthy
PRJ099,Infrastructure Project 099,Ministry of Road Transport,Railways,Tamil Nadu,819,1258,672.01,2024-04-08,2026-08-13,2026-11-29,86,55,15,6,2,63.95348837209303,30.0,72.94749694749694,0,100.0,73.33333333333333,68.93,Watch
PRJ100,Infrastructure Project 100,Ministry of Housing,Housing,Uttar Pradesh,1656,2029,1203.57,2023-08-26,2026-08-07,2027-04-20,77,59,18,18,0,76.62337662337663,100.0,86.32065217391305,0,100.0,57.333333333333336,85.7,Healthy
