project_id,project_name,ministry,sector,state,sanctioned_cost,revised_cost,expenditure,start_date,original_completion_date,revised_completion_date,planned_progress,actual_progress,total_milestones,completed_milestones,overdue_milestones,progress_health,milestone_health,cost_health,schedule_delay_days,schedule_health,trend_health,health_score,health_category,time_risk,cost_risk,overall_risk,risk_level
PRJ001,Infrastructure Project 001,Ministry of Power,Roads,Uttar Pradesh,1618,1758,502.97,2023-11-24,2025-07-30,2025-08-11,55,51,12,3,8,92.72727272727272,0.0,100.0,408,0.0,76.0,49.58,At Risk,100.0,17.31,62.79,Medium
PRJ002,Infrastructure Project 002,Ministry of Jal Shakti,Housing,Uttar Pradesh,1134,1442,458.49,2023-02-17,2025-02-09,2025-06-08,41,16,14,14,0,39.02439024390244,100.0,75.56878306878306,472,0.0,56.00000000000001,49.49,At Risk,100.0,71.42,87.14,High
PRJ003,Infrastructure Project 003,Ministry of Housing,Housing,Bihar,796,938,410.7,2024-01-24,2025-11-17,2026-06-21,49,46,18,9,1,93.87755102040816,45.0,94.40452261306532,94,47.77777777777777,66.66666666666666,68.57,Watch,58.28,39.6,49.87,Medium
PRJ004,Infrastructure Project 004,Ministry of Housing,Water,Madhya Pradesh,1198,1261,826.68,2024-02-18,2025-08-15,2026-04-07,64,69,25,19,6,100.0,46.0,99.9949916527546,169,6.111111111111114,68.0,60.93,Watch,100.0,10.52,59.73,Medium
PRJ005,Infrastructure Project 005,Ministry of Power,Housing,Rajasthan,1454,1570,750.39,2023-12-27,2025-07-20,2025-08-12,89,81,10,3,1,91.01123595505618,25.0,100.0,407,0.0,70.66666666666667,53.35,At Risk,100.0,15.96,62.18,Medium
PRJ006,Infrastructure Project 006,Ministry of Railways,Railways,Tamil Nadu,1472,1608,918.38,2023-07-09,2025-11-18,2026-03-05,84,51,10,9,0,60.71428571428571,90.0,88.6100543478261,202,0.0,70.66666666666667,57.07,At Risk,100.0,26.45,66.9,Medium
PRJ007,Infrastructure Project 007,Ministry of Road Transport,Railways,Gujarat,549,899,291.42,2023-07-14,2025-08-28,2026-06-09,60,67,15,5,5,100.0,8.333333333333329,100.0,106,41.11111111111111,66.66666666666666,61.94,Watch,73.89,100.0,85.64,High
PRJ008,Infrastructure Project 008,Ministry of Jal Shakti,Water,Bihar,910,1362,384.6,2023-04-19,2026-07-03,2027-03-15,81,62,12,6,1,76.5432098765432,45.0,100.0,0,100.0,69.33333333333334,78.54,Watch,14.73,99.34,52.8,Medium
PRJ009,Infrastructure Project 009,Ministry of Road Transport,Roads,Rajasthan,1938,2236,1154.0,2024-01-18,2027-01-20,2027-08-27,65,52,15,7,8,80.0,6.666666666666664,92.45407636738906,0,100.0,70.66666666666667,70.8,Watch,34.0,36.04,34.92,Low
PRJ010,Infrastructure Project 010,Ministry of Road Transport,Roads,Bihar,1321,1353,1228.21,2023-11-18,2025-09-11,2026-04-15,64,50,22,20,1,78.125,85.9090909090909,57.02422407267221,161,10.555555555555555,86.66666666666667,60.91,Watch,100.0,34.93,70.72,High
PRJ011,Infrastructure Project 011,Ministry of Railways,Water,Maharashtra,328,478,305.15,2024-01-29,2027-03-30,2027-09-20,67,67,22,12,4,100.0,34.54545454545454,73.96646341463415,0,100.0,76.0,79.4,Watch,12.0,100.0,51.6,Medium
PRJ012,Infrastructure Project 012,Ministry of Jal Shakti,Water,Uttar Pradesh,1823,2150,1428.79,2024-03-21,2027-05-05,2027-10-04,72,44,14,6,5,61.11111111111112,17.857142857142854,65.62424574876577,0,100.0,58.66666666666666,62.49,Watch,34.44,59.94,45.92,Medium
PRJ013,Infrastructure Project 013,Ministry of Road Transport,Roads,Tamil Nadu,139,196,120.18,2023-11-03,2026-02-11,2026-10-19,63,54,15,5,3,85.71428571428571,18.33333333333333,67.53956834532374,0,100.0,66.66666666666666,70.23,Watch,16.14,100.0,53.88,Medium
PRJ014,Infrastructure Project 014,Ministry of Jal Shakti,Power,Madhya Pradesh,1668,1732,726.48,2024-02-22,2025-09-14,2026-06-13,48,16,23,21,0,33.33333333333333,91.30434782608695,72.44604316546761,102,43.333333333333336,80.0,60.29,Watch,90.0,26.96,61.63,Medium
PRJ015,Infrastructure Project 015,Ministry of Railways,Roads,Gujarat,1560,1719,522.14,2024-04-20,2027-03-08,2027-06-18,65,33,19,16,3,50.76923076923077,69.21052631578947,99.52948717948718,0,100.0,66.66666666666666,76.46,Watch,33.62,20.71,27.81,Low
PRJ016,Infrastructure Project 016,Ministry of Road Transport,Housing,Maharashtra,571,872,234.26,2023-01-11,2026-01-17,2026-10-27,54,64,10,10,0,100.0,100.0,100.0,0,100.0,65.33333333333334,94.8,Healthy,0.0,100.0,45.0,Medium
PRJ017,Infrastructure Project 017,Ministry of Power,Power,Madhya Pradesh,1470,1718,617.54,2023-09-21,2025-10-03,2026-02-22,53,29,12,11,1,54.71698113207547,86.66666666666666,86.99047619047619,213,0.0,68.0,54.26,At Risk,100.0,42.85,74.28,High
PRJ018,Infrastructure Project 018,Ministry of Housing,Roads,Madhya Pradesh,825,1041,438.76,2023-02-18,2024-10-09,2025-05-17,66,47,9,1,0,71.21212121212122,11.11111111111111,93.8169696969697,494,0.0,73.33333333333333,45.1,At Risk,100.0,56.69,80.51,High
PRJ019,Infrastructure Project 019,Ministry of Road Transport,Power,Maharashtra,1018,1089,877.66,2023-04-09,2025-03-03,2025-12-02,67,66,16,13,1,98.50746268656717,76.25,79.78585461689588,295,0.0,60.0,60.84,Watch,100.0,28.1,67.65,Medium
PRJ020,Infrastructure Project 020,Ministry of Power,Roads,Rajasthan,1812,1819,1063.56,2023-01-26,2026-04-07,2027-01-08,45,40,13,9,3,88.88888888888889,54.230769230769226,81.3046357615894,0,100.0,69.33333333333334,80.66,Healthy,14.56,13.86,14.24,Low
PRJ021,Infrastructure Project 021,Ministry of Power,Railways,Madhya Pradesh,643,1117,458.66,2023-07-14,2024-11-27,2025-06-14,90,71,17,13,4,78.88888888888889,56.47058823529412,99.6687402799378,466,0.0,70.66666666666667,56.57,At Risk,100.0,100.0,100.0,High
PRJ022,Infrastructure Project 022,Ministry of Jal Shakti,Water,Rajasthan,1286,1662,847.38,2023-06-01,2025-05-23,2025-06-21,74,81,18,8,0,100.0,44.44444444444444,100.0,459,0.0,61.33333333333333,58.09,At Risk,100.0,58.48,81.32,High
PRJ023,Infrastructure Project 023,Ministry of Jal Shakti,Railways,Uttar Pradesh,1843,1938,981.66,2023-01-30,2025-11-15,2025-12-26,44,16,10,10,0,36.36363636363637,100.0,62.735756918068375,271,0.0,73.33333333333333,49.5,At Risk,100.0,36.39,71.38,High
PRJ024,Infrastructure Project 024,Ministry of Housing,Railways,Bihar,1446,1744,1039.4,2023-11-14,2025-06-19,2026-01-19,76,53,18,12,1,69.73684210526315,61.66666666666666,81.11894882434301,247,0.0,66.66666666666666,51.94,At Risk,100.0,54.43,79.49,High
PRJ025,Infrastructure Project 025,Ministry of Railways,Water,Bihar,1036,1197,312.13,2023-07-22,2025-04-16,2025-09-16,88,94,8,7,0,100.0,87.5,100.0,372,0.0,64.0,67.1,Watch,100.0,31.08,68.99,Medium
PRJ026,Infrastructure Project 026,Ministry of Jal Shakti,Roads,Bihar,1900,2025,1288.53,2023-03-09,2025-07-13,2025-08-17,63,55,13,10,2,87.3015873015873,66.92307692307693,87.18263157894738,402,0.0,76.0,59.69,At Risk,100.0,22.13,64.96,Medium
PRJ027,Infrastructure Project 027,Ministry of Jal Shakti,Railways,Gujarat,1898,1966,836.34,2024-04-22,2027-07-15,2027-09-06,56,59,11,9,0,100.0,81.81818181818183,100.0,0,100.0,73.33333333333333,92.36,Healthy,0.0,7.17,3.23,Low
PRJ028,Infrastructure Project 028,Ministry of Road Transport,Roads,Gujarat,1135,1385,942.67,2023-04-15,2026-06-07,2026-10-20,56,63,10,10,0,100.0,100.0,79.94537444933921,0,100.0,74.66666666666666,93.19,Healthy,0.0,58.09,26.14,Low
PRJ029,Infrastructure Project 029,Ministry of Railways,Water,Uttar Pradesh,430,809,141.17,2024-01-30,2025-10-24,2026-03-07,68,43,21,19,0,63.23529411764706,90.47619047619048,100.0,200,0.0,70.66666666666667,59.5,At Risk,100.0,100.0,100.0,High
PRJ030,Infrastructure Project 030,Ministry of Road Transport,Housing,Madhya Pradesh,1231,1306,1082.4,2024-03-03,2026-07-29,2027-05-23,67,69,9,4,2,100.0,34.44444444444444,81.0714865962632,0,100.0,62.66666666666667,78.45,Watch,6.0,25.44,14.75,Low
PRJ031,Infrastructure Project 031,Ministry of Railways,Power,Uttar Pradesh,824,1223,769.08,2023-12-16,2026-01-09,2026-03-02,75,59,12,5,2,78.66666666666666,31.66666666666667,65.66504854368931,205,0.0,57.333333333333336,44.45,At Risk,100.0,100.0,100.0,High
PRJ032,Infrastructure Project 032,Ministry of Road Transport,Power,Madhya Pradesh,1742,2084,901.97,2023-04-02,2025-07-20,2026-02-15,95,90,16,8,1,94.73684210526316,45.0,100.0,220,0.0,57.333333333333336,56.28,At Risk,100.0,39.27,72.67,High
PRJ033,Infrastructure Project 033,Ministry of Housing,Housing,Maharashtra,725,1145,279.26,2023-04-13,2025-12-09,2026-06-06,90,86,15,5,10,95.55555555555556,0.0,100.0,109,39.44444444444445,81.33333333333333,60.95,Watch,92.78,100.0,96.03,High
PRJ034,Infrastructure Project 034,Ministry of Housing,Railways,Bihar,1413,1673,467.33,2024-05-10,2026-07-04,2026-12-30,65,32,25,20,0,49.23076923076923,80.0,98.92639773531494,0,100.0,56.00000000000001,76.55,Watch,25.38,37.55,30.86,Low
PRJ035,Infrastructure Project 035,Ministry of Jal Shakti,Railways,Bihar,807,1180,419.35,2023-01-20,2024-09-22,2025-05-02,90,80,21,20,0,88.88888888888889,95.23809523809524,100.0,509,0.0,74.66666666666666,67.47,Watch,100.0,92.44,96.6,High
PRJ036,Infrastructure Project 036,Ministry of Housing,Water,Gujarat,1164,1637,348.01,2023-01-23,2025-08-26,2025-08-26,91,67,14,9,3,73.62637362637363,49.28571428571429,100.0,393,0.0,81.33333333333333,55.46,At Risk,100.0,81.27,91.57,High
PRJ037,Infrastructure Project 037,Ministry of Railways,Power,Karnataka,1138,1296,726.14,2023-12-06,2025-08-24,2026-01-24,82,66,18,14,2,80.48780487804879,67.77777777777779,100.0,242,0.0,70.66666666666667,59.28,At Risk,100.0,27.77,67.5,Medium
PRJ038,Infrastructure Project 038,Ministry of Jal Shakti,Water,Gujarat,716,923,394.46,2023-12-13,2025-10-21,2026-08-08,75,85,17,11,1,100.0,59.70588235294117,100.0,46,74.44444444444444,61.33333333333333,79.75,Watch,28.56,57.82,41.73,Medium
PRJ039,Infrastructure Project 039,Ministry of Jal Shakti,Housing,Maharashtra,1483,1592,665.35,2023-08-27,2026-04-05,2026-11-17,72,52,13,13,0,72.22222222222221,100.0,100.0,0,100.0,65.33333333333334,87.86,Healthy,13.89,14.7,14.25,Low
PRJ040,Infrastructure Project 040,Ministry of Jal Shakti,Roads,Tamil Nadu,560,972,525.7,2024-02-24,2026-03-05,2026-08-10,52,53,8,0,3,100.0,0.0,59.12499999999999,44,75.55555555555556,66.66666666666666,62.76,Watch,33.44,100.0,63.39,Medium
PRJ041,Infrastructure Project 041,Ministry of Road Transport,Roads,Karnataka,498,865,175.94,2023-08-01,2026-09-18,2027-07-09,84,70,23,19,1,83.33333333333334,77.6086956521739,100.0,0,100.0,58.66666666666666,85.16,Healthy,11.33,100.0,51.23,Medium
PRJ042,Infrastructure Project 042,Ministry of Jal Shakti,Water,Gujarat,1051,1076,852.35,2023-04-23,2025-03-03,2025-11-23,75,70,11,8,1,93.33333333333331,67.72727272727273,88.9010466222645,304,0.0,81.33333333333333,62.41,Watch,100.0,12.53,60.64,Medium
PRJ043,Infrastructure Project 043,Ministry of Railways,Housing,Tamil Nadu,973,1398,419.79,2024-05-01,2026-12-10,2027-08-25,75,57,13,10,3,76.0,61.92307692307693,100.0,0,100.0,70.66666666666667,81.98,Healthy,21.0,87.36,50.86,Medium
PRJ044,Infrastructure Project 044,Ministry of Jal Shakti,Roads,Rajasthan,1000,1039,473.8,2023-11-17,2025-11-30,2026-04-19,85,77,15,9,2,90.58823529411764,50.0,100.0,157,12.777777777777771,81.33333333333333,63.04,Watch,97.93,7.8,57.37,Medium
PRJ045,Infrastructure Project 045,Ministry of Power,Power,Uttar Pradesh,1521,1599,732.54,2023-03-19,2025-03-24,2025-10-06,85,82,10,6,3,96.47058823529412,45.0,100.0,352,0.0,81.33333333333333,60.32,Watch,100.0,10.26,59.62,Medium
PRJ046,Infrastructure Project 046,Ministry of Housing,Housing,Karnataka,1953,2347,496.31,2023-04-16,2025-11-01,2026-05-19,77,43,8,6,1,55.84415584415584,70.0,100.0,127,29.444444444444443,62.66666666666667,59.72,At Risk,95.63,40.35,70.75,High
PRJ047,Infrastructure Project 047,Ministry of Power,Roads,Karnataka,1630,2006,718.92,2024-03-12,2026-09-27,2027-06-29,74,46,15,12,1,62.16216216216216,75.0,100.0,0,100.0,74.66666666666666,81.74,Healthy,21.92,46.13,32.81,Low
PRJ048,Infrastructure Project 048,Ministry of Jal Shakti,Water,Uttar Pradesh,1583,1667,1400.72,2023-06-22,2026-09-18,2027-04-13,93,74,12,11,0,79.56989247311827,91.66666666666666,85.51484523057485,0,100.0,74.66666666666666,87.25,Healthy,10.22,20.75,14.96,Low
PRJ049,Infrastructure Project 049,Ministry of Power,Housing,Gujarat,377,820,180.64,2023-02-12,2026-04-15,2026-11-20,69,68,9,4,3,98.55072463768116,29.444444444444443,100.0,0,100.0,57.333333333333336,79.13,Watch,9.72,100.0,50.35,Medium
PRJ050,Infrastructure Project 050,Ministry of Jal Shakti,Roads,Gujarat,1640,2127,432.25,2024-01-25,2026-07-01,2026-11-20,93,77,16,7,7,82.79569892473118,8.75,100.0,0,100.0,84.0,75.05,Watch,29.6,59.39,43.01,Medium
PRJ051,Infrastructure Project 051,Ministry of Jal Shakti,Railways,Madhya Pradesh,1699,2189,1422.84,2023-04-25,2026-07-03,2026-08-07,81,89,8,3,1,100.0,32.5,100.0,47,73.88888888888889,70.66666666666667,75.57,Watch,29.11,57.68,41.97,Medium
PRJ052,Infrastructure Project 052,Ministry of Road Transport,Railways,Bihar,1255,1740,846.03,2023-03-06,2025-11-14,2026-01-11,53,34,16,11,1,64.15094339622641,63.75,66.58725099601594,255,0.0,76.0,50.18,At Risk,100.0,100.0,100.0,High
PRJ053,Infrastructure Project 053,Ministry of Railways,Roads,Bihar,738,1032,490.38,2023-02-25,2026-02-21,2026-03-06,83,69,20,13,1,83.13253012048193,60.0,100.0,201,0.0,72.00000000000001,58.58,At Risk,100.0,79.67,90.85,High
PRJ054,Infrastructure Project 054,Ministry of Road Transport,Water,Gujarat,1730,2019,1233.6,2024-03-11,2027-06-24,2027-08-24,90,98,19,17,1,100.0,84.47368421052632,100.0,0,100.0,60.0,90.89,Healthy,3.0,33.41,16.68,Low
PRJ055,Infrastructure Project 055,Ministry of Jal Shakti,Housing,Tamil Nadu,316,537,117.96,2023-01-07,2025-07-25,2026-04-01,63,33,22,14,6,52.38095238095239,33.63636363636363,95.67088607594935,175,2.7777777777777857,66.66666666666666,44.87,At Risk,100.0,100.0,100.0,High
PRJ056,Infrastructure Project 056,Ministry of Jal Shakti,Water,Karnataka,760,1196,589.25,2023-08-27,2026-03-30,2026-08-14,55,60,16,13,1,100.0,76.25,82.46710526315789,40,77.77777777777777,62.66666666666667,81.46,Healthy,25.22,100.0,58.87,Medium
PRJ057,Infrastructure Project 057,Ministry of Jal Shakti,Housing,Uttar Pradesh,1842,2008,899.33,2023-06-22,2024-12-02,2025-08-12,51,30,14,9,2,58.82352941176471,54.28571428571429,81.17643865363735,407,0.0,58.66666666666666,46.54,At Risk,100.0,31.2,69.04,Medium
PRJ058,Infrastructure Project 058,Ministry of Power,Power,Uttar Pradesh,594,962,417.07,2023-09-22,2025-08-17,2025-09-29,66,45,25,18,7,68.18181818181817,37.0,74.78619528619528,359,0.0,70.66666666666667,46.26,At Risk,100.0,100.0,100.0,High
PRJ059,Infrastructure Project 059,Ministry of Jal Shakti,Housing,Gujarat,928,1282,508.41,2023-02-17,2025-04-28,2025-08-19,55,46,19,16,2,83.63636363636363,74.21052631578947,91.2144396551724,400,0.0,69.33333333333334,59.83,At Risk,100.0,82.44,92.1,High
PRJ060,Infrastructure Project 060,Ministry of Railways,Railways,Madhya Pradesh,727,855,559.8,2023-12-26,2026-08-16,2027-01-01,54,57,14,9,0,100.0,64.28571428571429,79.99862448418158,0,100.0,68.0,85.06,Healthy,0.0,49.21,22.14,Low
PRJ061,Infrastructure Project 061,Ministry of Housing,Railways,Bihar,1583,1884,724.02,2024-01-14,2026-10-05,2027-02-23,88,65,17,8,3,73.86363636363636,32.05882352941176,100.0,0,100.0,82.66666666666667,77.28,Watch,22.07,38.03,29.25,Low
PRJ062,Infrastructure Project 062,Ministry of Road Transport,Water,Bihar,661,684,212.72,2023-01-08,2025-11-19,2026-01-22,43,18,17,9,7,41.86046511627907,17.94117647058824,85.81845688350984,244,0.0,44.0,33.53,Critical,100.0,16.89,62.6,Medium
PRJ063,Infrastructure Project 063,Ministry of Road Transport,Water,Uttar Pradesh,797,891,422.8,2023-08-29,2026-05-15,2026-12-26,43,37,23,14,1,86.04651162790698,55.86956521739131,83.95106649937264,0,100.0,57.333333333333336,78.88,Watch,9.98,34.82,21.16,Low
PRJ064,Infrastructure Project 064,Ministry of Jal Shakti,Railways,Karnataka,722,765,481.78,2023-03-19,2024-12-30,2025-10-14,55,58,25,21,4,100.0,64.0,91.27146814404432,344,0.0,84.0,64.09,Watch,100.0,18.02,63.11,Medium
PRJ065,Infrastructure Project 065,Ministry of Railways,Railways,Bihar,1861,2162,1699.68,2023-08-19,2026-03-29,2026-08-28,67,58,9,9,0,86.56716417910447,100.0,66.66845781837722,26,85.55555555555556,61.33333333333333,82.23,Healthy,21.16,55.68,36.69,Low
PRJ066,Infrastructure Project 066,Ministry of Jal Shakti,Power,Bihar,591,679,334.12,2023-12-05,2025-07-10,2025-09-28,75,81,13,3,6,100.0,0.0,100.0,360,0.0,61.33333333333333,49.2,At Risk,100.0,29.78,68.4,Medium
PRJ067,Infrastructure Project 067,Ministry of Jal Shakti,Railways,Karnataka,1547,1691,1387.25,2023-01-17,2025-01-23,2025-06-19,84,65,10,10,0,77.38095238095238,100.0,75.32643826761473,461,0.0,73.33333333333333,61.64,Watch,100.0,35.89,71.15,High
PRJ068,Infrastructure Project 068,Ministry of Jal Shakti,Water,Bihar,1426,1502,1147.7,2023-02-28,2026-01-20,2026-05-15,57,58,10,0,2,100.0,0.0,77.51612903225805,131,27.22222222222223,77.33333333333333,55.03,At Risk,78.78,26.4,55.21,Medium
PRJ069,Infrastructure Project 069,Ministry of Road Transport,Water,Uttar Pradesh,1510,1665,899.44,2023-08-13,2025-05-01,2025-12-26,84,69,16,14,2,82.14285714285714,77.5,100.0,271,0.0,62.66666666666667,60.44,Watch,100.0,20.53,64.24,Medium
PRJ070,Infrastructure Project 070,Ministry of Housing,Water,Uttar Pradesh,1336,1464,1268.8,2024-03-31,2026-10-29,2027-04-12,41,46,15,15,0,100.0,100.0,51.02994011976048,0,100.0,52.0,85.45,Healthy,0.0,53.44,24.05,Low
PRJ071,Infrastructure Project 071,Ministry of Power,Roads,Tamil Nadu,1162,1495,806.83,2024-01-26,2025-12-05,2026-08-02,68,61,13,12,1,89.70588235294117,87.3076923076923,91.56540447504302,52,71.11111111111111,58.66666666666666,80.2,Healthy,37.04,63.22,48.82,Medium
PRJ072,Infrastructure Project 072,Ministry of Power,Water,Uttar Pradesh,757,1100,341.98,2023-06-28,2026-01-01,2026-06-20,46,46,18,14,3,100.0,62.777777777777786,100.0,95,47.22222222222222,64.0,73.96,Watch,61.78,90.62,74.76,High
PRJ073,Infrastructure Project 073,Ministry of Power,Power,Uttar Pradesh,616,781,528.87,2023-08-21,2025-04-02,2025-09-10,47,32,24,14,10,68.08510638297872,8.333333333333336,46.14448051948053,378,0.0,61.33333333333333,34.81,Critical,100.0,91.27,96.07,High
PRJ074,Infrastructure Project 074,Ministry of Railways,Housing,Tamil Nadu,1375,1762,600.79,2023-04-07,2026-01-31,2026-08-04,71,41,22,12,3,57.74647887323944,39.54545454545454,97.3061818181818,50,72.22222222222223,68.0,65.2,Watch,57.9,58.18,58.03,Medium
PRJ075,Infrastructure Project 075,Ministry of Jal Shakti,Power,Maharashtra,159,657,101.06,2024-03-26,2026-12-17,2027-02-17,80,52,15,7,4,65.0,26.666666666666664,88.44025157232704,0,100.0,70.66666666666667,70.45,Watch,29.5,100.0,61.22,Medium
PRJ076,Infrastructure Project 076,Ministry of Power,Power,Tamil Nadu,340,671,252.89,2023-04-26,2025-01-01,2025-08-25,93,94,23,17,4,100.0,53.91304347826086,100.0,394,0.0,68.0,60.98,Watch,100.0,100.0,100.0,High
PRJ077,Infrastructure Project 077,Ministry of Power,Housing,Bihar,396,592,175.58,2023-05-05,2025-12-27,2026-10-05,52,24,24,16,1,46.15384615384615,61.66666666666666,79.66161616161617,0,100.0,50.66666666666666,68.42,Watch,29.92,100.0,61.46,Medium
PRJ078,Infrastructure Project 078,Ministry of Housing,Housing,Karnataka,1586,1738,994.43,2024-02-25,2025-07-11,2025-12-02,93,66,23,15,7,70.96774193548387,30.217391304347828,100.0,295,0.0,66.66666666666666,48.79,At Risk,100.0,19.17,63.63,Medium
PRJ079,Infrastructure Project 079,Ministry of Power,Power,Karnataka,1528,1650,722.32,2023-08-22,2025-11-28,2026-03-04,76,62,15,11,0,81.57894736842105,73.33333333333333,100.0,203,0.0,46.66666666666666,57.06,At Risk,100.0,15.97,62.19,Medium
PRJ080,Infrastructure Project 080,Ministry of Power,Roads,Tamil Nadu,1114,1607,956.69,2023-12-06,2027-02-15,2027-05-03,42,44,24,23,1,100.0,90.83333333333334,58.12118491921005,0,100.0,68.0,87.08,Healthy,3.0,100.0,46.65,Medium
PRJ081,Infrastructure Project 081,Ministry of Power,Roads,Gujarat,1883,2218,1292.27,2023-01-08,2024-10-16,2025-05-13,49,55,23,17,2,100.0,63.91304347826086,86.37174721189591,498,0.0,66.66666666666666,60.74,Watch,100.0,45.12,75.3,High
PRJ082,Infrastructure Project 082,Ministry of Railways,Housing,Madhya Pradesh,878,1366,598.99,2024-03-12,2027-06-15,2028-03-14,60,30,23,21,0,50.0,91.30434782608695,61.777904328018224,0,100.0,65.33333333333334,74.83,Watch,25.0,100.0,58.75,Medium
PRJ083,Infrastructure Project 083,Ministry of Road Transport,Roads,Gujarat,301,690,221.48,2024-01-18,2025-09-01,2026-04-11,80,45,11,8,1,56.25,67.72727272727273,71.4186046511628,165,8.333333333333343,60.0,49.4,At Risk,100.0,100.0,100.0,High
PRJ084,Infrastructure Project 084,Ministry of Railways,Railways,Rajasthan,834,1025,538.89,2024-02-12,2025-08-22,2026-01-19,67,68,15,13,1,100.0,81.66666666666667,100.0,247,0.0,65.33333333333334,66.13,Watch,100.0,45.8,75.61,High
PRJ085,Infrastructure Project 085,Ministry of Power,Housing,Uttar Pradesh,1369,1718,953.55,2023-02-10,2026-03-10,2026-09-21,55,34,12,5,7,61.81818181818181,6.666666666666671,64.34696859021183,2,98.88888888888889,76.0,62.56,Watch,41.2,75.94,56.83,Medium
PRJ086,Infrastructure Project 086,Ministry of Power,Housing,Tamil Nadu,1487,1766,683.14,2024-04-05,2026-12-07,2027-05-03,50,56,22,17,4,100.0,57.27272727272727,100.0,0,100.0,65.33333333333334,86.25,Healthy,12.0,37.53,23.49,Low
PRJ087,Infrastructure Project 087,Ministry of Housing,Housing,Uttar Pradesh,887,1323,444.63,2024-03-08,2026-05-26,2026-09-04,70,74,15,11,4,100.0,53.33333333333333,100.0,19,89.44444444444444,64.0,82.63,Healthy,22.56,98.31,56.65,Medium
PRJ088,Infrastructure Project 088,Ministry of Housing,Railways,Gujarat,662,666,551.44,2024-05-15,2027-08-02,2028-02-20,76,43,9,9,0,56.57894736842105,100.0,59.70090634441087,0,100.0,76.0,79.5,Watch,21.71,29.42,25.18,Low
PRJ089,Infrastructure Project 089,Ministry of Road Transport,Housing,Tamil Nadu,1371,1499,1209.75,2023-04-23,2026-06-17,2026-09-22,83,51,12,12,0,61.44578313253012,100.0,62.76148796498906,1,99.44444444444444,62.66666666666667,79.04,Watch,19.83,44.74,31.04,Low
PRJ090,Infrastructure Project 090,Ministry of Jal Shakti,Housing,Bihar,1599,1666,624.5,2023-01-18,2026-01-15,2026-07-20,45,37,18,14,1,82.22222222222221,72.77777777777779,97.9443402126329,65,63.88888888888889,68.0,75.97,Watch,48.0,9.82,30.82,Low
PRJ091,Infrastructure Project 091,Ministry of Railways,Railways,Karnataka,1971,2393,1821.25,2024-03-01,2025-12-29,2026-05-09,70,62,18,9,7,88.57142857142857,15.0,69.59766615931,137,23.88888888888889,62.66666666666667,50.95,At Risk,100.0,64.1,83.84,High
PRJ092,Infrastructure Project 092,Ministry of Housing,Water,Karnataka,284,688,161.41,2024-05-10,2027-04-15,2027-10-19,65,75,16,14,0,100.0,87.5,100.0,0,100.0,77.33333333333333,94.1,Healthy,0.0,100.0,45.0,Medium
PRJ093,Infrastructure Project 093,Ministry of Railways,Roads,Tamil Nadu,321,666,285.91,2024-02-26,2027-04-24,2027-10-31,54,34,8,8,0,62.96296296296296,100.0,44.93146417445482,0,100.0,50.66666666666666,75.08,Watch,18.52,100.0,55.19,Medium
PRJ094,Infrastructure Project 094,Ministry of Jal Shakti,Railways,Karnataka,338,409,107.5,2024-04-10,2026-06-28,2027-01-23,42,50,17,14,0,100.0,82.35294117647058,100.0,0,100.0,69.33333333333334,91.87,Healthy,0.0,42.01,18.9,Low
PRJ095,Infrastructure Project 095,Ministry of Jal Shakti,Power,Bihar,958,1258,798.57,2023-08-21,2026-01-16,2026-10-19,87,88,21,21,0,100.0,100.0,100.0,0,100.0,58.66666666666666,93.8,Healthy,0.0,62.63,28.18,Low
PRJ096,Infrastructure Project 096,Ministry of Housing,Roads,Karnataka,1008,1235,636.18,2023-01-17,2025-06-14,2025-10-03,55,42,11,11,0,76.36363636363637,100.0,78.88690476190477,355,0.0,68.0,61.12,Watch,100.0,59.82,81.92,High
PRJ097,Infrastructure Project 097,Ministry of Housing,Railways,Rajasthan,1836,2257,524.0,2023-05-22,2025-04-15,2025-06-16,69,74,14,14,0,100.0,100.0,100.0,464,0.0,56.00000000000001,68.4,Watch,100.0,45.86,75.64,High
PRJ098,Infrastructure Project 098,Ministry of Railways,Housing,Rajasthan,240,664,196.59,2024-02-07,2027-01-20,2027-05-05,88,63,14,13,0,71.5909090909091,92.85714285714286,81.0875,0,100.0,77.33333333333333,85.23,Healthy,14.2,100.0,52.81,Medium
PRJ099,Infrastructure Project 099,Ministry of Road Transport,Railways,Uttar Pradesh,667,1106,248.22,2024-02-08,2027-02-22,2027-02-23,49,51,25,19,6,100.0,46.0,100.0,0,100.0,66.66666666666666,84.2,Healthy,18.0,100.0,54.9,Medium
PRJ100,Infrastructure Project 100,Ministry of Road Transport,Power,Tamil Nadu,132,221,43.5,2023-07-03,2025-07-15,2025-12-27,56,63,12,8,4,100.0,46.66666666666666,100.0,270,0.0,68.0,59.53,At Risk,100.0,100.0,100.0,High
