project_id,reporting_month,planned_progress,actual_progress
PRJ001,2026-01,25,25
PRJ001,2026-02,40,37
PRJ001,2026-03,45,42
PRJ001,2026-04,55,51
PRJ001,2026-05,60,66
PRJ001,2026-06,75,80
PRJ002,2026-01,32,31
PRJ002,2026-02,39,43
PRJ002,2026-03,54,53
PRJ002,2026-04,68,66
PRJ002,2026-05,76,71
PRJ002,2026-06,86,77
PRJ003,2026-01,24,28
PRJ003,2026-02,38,33
PRJ003,2026-03,44,45
PRJ003,2026-04,60,58
PRJ003,2026-05,68,68
PRJ003,2026-06,81,77
PRJ004,2026-01,31,27
PRJ004,2026-02,35,42
PRJ004,2026-03,55,48
PRJ004,2026-04,61,54
PRJ004,2026-05,68,63
PRJ004,2026-06,75,78
PRJ005,2026-01,22,15
PRJ005,2026-02,25,25
PRJ005,2026-03,37,40
PRJ005,2026-04,54,47
PRJ005,2026-05,56,56
PRJ005,2026-06,70,71
PRJ006,2026-01,25,30
PRJ006,2026-02,39,45
PRJ006,2026-03,59,58
PRJ006,2026-04,71,63
PRJ006,2026-05,76,72
PRJ006,2026-06,82,80
PRJ007,2026-01,30,23
PRJ007,2026-02,34,30
PRJ007,2026-03,40,36
PRJ007,2026-04,48,42
PRJ007,2026-05,50,57
PRJ007,2026-06,70,71
PRJ008,2026-01,23,16
PRJ008,2026-02,26,23
PRJ008,2026-03,33,35
PRJ008,2026-04,43,46
PRJ008,2026-05,59,61
PRJ008,2026-06,72,73
PRJ009,2026-01,29,22
PRJ009,2026-02,33,31
PRJ009,2026-03,46,39
PRJ009,2026-04,52,54
PRJ009,2026-05,69,66
PRJ009,2026-06,78,77
PRJ010,2026-01,28,26
PRJ010,2026-02,36,35
PRJ010,2026-03,43,50
PRJ010,2026-04,65,60
PRJ010,2026-05,69,73
PRJ010,2026-06,82,82
PRJ011,2026-01,17,16
PRJ011,2026-02,31,29
PRJ011,2026-03,39,40
PRJ011,2026-04,49,48
PRJ011,2026-05,63,58
PRJ011,2026-06,66,69
PRJ012,2026-01,20,19
PRJ012,2026-02,32,27
PRJ012,2026-03,41,33
PRJ012,2026-04,46,41
PRJ012,2026-05,49,51
PRJ012,2026-06,60,66
PRJ013,2026-01,25,22
PRJ013,2026-02,30,31
PRJ013,2026-03,46,38
PRJ013,2026-04,53,50
PRJ013,2026-05,58,56
PRJ013,2026-06,64,65
PRJ014,2026-01,21,24
PRJ014,2026-02,38,30
PRJ014,2026-03,42,38
PRJ014,2026-04,50,44
PRJ014,2026-05,52,52
PRJ014,2026-06,66,67
PRJ015,2026-01,28,25
PRJ015,2026-02,40,39
PRJ015,2026-03,47,54
PRJ015,2026-04,65,61
PRJ015,2026-05,73,72
PRJ015,2026-06,80,86
PRJ016,2026-01,27,30
PRJ016,2026-02,44,37
PRJ016,2026-03,46,50
PRJ016,2026-04,63,56
PRJ016,2026-05,64,67
PRJ016,2026-06,82,72
PRJ017,2026-01,30,26
PRJ017,2026-02,34,36
PRJ017,2026-03,45,46
PRJ017,2026-04,57,61
PRJ017,2026-05,70,75
PRJ017,2026-06,88,82
PRJ018,2026-01,19,19
PRJ018,2026-02,32,34
PRJ018,2026-03,44,49
PRJ018,2026-04,64,61
PRJ018,2026-05,71,68
PRJ018,2026-06,77,80
PRJ019,2026-01,18,14
PRJ019,2026-02,22,22
PRJ019,2026-03,30,32
PRJ019,2026-04,44,45
PRJ019,2026-05,59,58
PRJ019,2026-06,73,67
PRJ020,2026-01,17,15
PRJ020,2026-02,28,20
PRJ020,2026-03,33,29
PRJ020,2026-04,38,39
PRJ020,2026-05,53,50
PRJ020,2026-06,65,61
PRJ021,2026-01,25,27
PRJ021,2026-02,42,37
PRJ021,2026-03,49,43
PRJ021,2026-04,57,49
PRJ021,2026-05,63,63
PRJ021,2026-06,73,76
PRJ022,2026-01,27,20
PRJ022,2026-02,29,30
PRJ022,2026-03,42,39
PRJ022,2026-04,54,53
PRJ022,2026-05,67,60
PRJ022,2026-06,75,70
PRJ023,2026-01,27,29
PRJ023,2026-02,43,38
PRJ023,2026-03,46,44
PRJ023,2026-04,58,54
PRJ023,2026-05,64,59
PRJ023,2026-06,69,73
PRJ024,2026-01,27,26
PRJ024,2026-02,35,34
PRJ024,2026-03,47,44
PRJ024,2026-04,58,58
PRJ024,2026-05,66,72
PRJ024,2026-06,82,87
PRJ025,2026-01,32,29
PRJ025,2026-02,44,35
PRJ025,2026-03,45,48
PRJ025,2026-04,61,59
PRJ025,2026-05,72,74
PRJ025,2026-06,86,82
PRJ026,2026-01,16,15
PRJ026,2026-02,30,28
PRJ026,2026-03,42,41
PRJ026,2026-04,50,50
PRJ026,2026-05,62,62
PRJ026,2026-06,73,76
PRJ027,2026-01,29,22
PRJ027,2026-02,31,29
PRJ027,2026-03,38,41
PRJ027,2026-04,51,53
PRJ027,2026-05,62,68
PRJ027,2026-06,81,83
PRJ028,2026-01,25,29
PRJ028,2026-02,41,38
PRJ028,2026-03,48,53
PRJ028,2026-04,63,63
PRJ028,2026-05,74,69
PRJ028,2026-06,80,76
PRJ029,2026-01,27,17
PRJ029,2026-02,30,30
PRJ029,2026-03,43,42
PRJ029,2026-04,52,56
PRJ029,2026-05,65,62
PRJ029,2026-06,74,73
PRJ030,2026-01,34,31
PRJ030,2026-02,40,38
PRJ030,2026-03,51,53
PRJ030,2026-04,62,65
PRJ030,2026-05,80,80
PRJ030,2026-06,93,87
PRJ031,2026-01,20,21
PRJ031,2026-02,29,27
PRJ031,2026-03,37,36
PRJ031,2026-04,46,43
PRJ031,2026-05,56,51
PRJ031,2026-06,64,64
PRJ032,2026-01,23,23
PRJ032,2026-02,34,38
PRJ032,2026-03,50,45
PRJ032,2026-04,57,59
PRJ032,2026-05,68,72
PRJ032,2026-06,82,86
PRJ033,2026-01,19,24
PRJ033,2026-02,37,38
PRJ033,2026-03,46,43
PRJ033,2026-04,52,48
PRJ033,2026-05,60,63
PRJ033,2026-06,74,77
PRJ034,2026-01,26,30
PRJ034,2026-02,42,45
PRJ034,2026-03,57,57
PRJ034,2026-04,68,72
PRJ034,2026-05,86,81
PRJ034,2026-06,95,87
PRJ035,2026-01,16,18
PRJ035,2026-02,32,30
PRJ035,2026-03,45,38
PRJ035,2026-04,51,52
PRJ035,2026-05,62,62
PRJ035,2026-06,75,72
PRJ036,2026-01,27,27
PRJ036,2026-02,36,37
PRJ036,2026-03,48,49
PRJ036,2026-04,58,58
PRJ036,2026-05,73,66
PRJ036,2026-06,76,72
PRJ037,2026-01,18,17
PRJ037,2026-02,31,25
PRJ037,2026-03,35,35
PRJ037,2026-04,48,43
PRJ037,2026-05,53,55
PRJ037,2026-06,70,67
PRJ038,2026-01,29,19
PRJ038,2026-02,28,30
PRJ038,2026-03,45,38
PRJ038,2026-04,49,52
PRJ038,2026-05,65,57
PRJ038,2026-06,65,66
PRJ039,2026-01,35,29
PRJ039,2026-02,37,35
PRJ039,2026-03,49,42
PRJ039,2026-04,54,52
PRJ039,2026-05,66,62
PRJ039,2026-06,70,73
PRJ040,2026-01,17,16
PRJ040,2026-02,28,22
PRJ040,2026-03,36,35
PRJ040,2026-04,50,48
PRJ040,2026-05,60,62
PRJ040,2026-06,71,69
PRJ041,2026-01,22,18
PRJ041,2026-02,31,31
PRJ041,2026-03,44,38
PRJ041,2026-04,49,52
PRJ041,2026-05,66,65
PRJ041,2026-06,73,70
PRJ042,2026-01,16,16
PRJ042,2026-02,31,29
PRJ042,2026-03,44,36
PRJ042,2026-04,46,46
PRJ042,2026-05,59,53
PRJ042,2026-06,67,67
PRJ043,2026-01,27,27
PRJ043,2026-02,42,41
PRJ043,2026-03,53,53
PRJ043,2026-04,61,63
PRJ043,2026-05,76,78
PRJ043,2026-06,87,89
PRJ044,2026-01,22,28
PRJ044,2026-02,43,37
PRJ044,2026-03,48,42
PRJ044,2026-04,57,49
PRJ044,2026-05,63,56
PRJ044,2026-06,67,61
PRJ045,2026-01,19,13
PRJ045,2026-02,28,23
PRJ045,2026-03,37,30
PRJ045,2026-04,44,38
PRJ045,2026-05,52,51
PRJ045,2026-06,66,56
PRJ046,2026-01,20,22
PRJ046,2026-02,35,37
PRJ046,2026-03,52,50
PRJ046,2026-04,64,60
PRJ046,2026-05,70,72
PRJ046,2026-06,85,85
PRJ047,2026-01,28,30
PRJ047,2026-02,45,38
PRJ047,2026-03,49,47
PRJ047,2026-04,59,55
PRJ047,2026-05,67,64
PRJ047,2026-06,75,76
PRJ048,2026-01,30,25
PRJ048,2026-02,37,34
PRJ048,2026-03,43,48
PRJ048,2026-04,62,59
PRJ048,2026-05,72,66
PRJ048,2026-06,78,71
PRJ049,2026-01,23,24
PRJ049,2026-02,39,39
PRJ049,2026-03,51,51
PRJ049,2026-04,62,59
PRJ049,2026-05,71,72
PRJ049,2026-06,84,79
PRJ050,2026-01,19,16
PRJ050,2026-02,24,31
PRJ050,2026-03,42,46
PRJ050,2026-04,57,51
PRJ050,2026-05,60,62
PRJ050,2026-06,75,74
PRJ051,2026-01,18,13
PRJ051,2026-02,23,24
PRJ051,2026-03,39,36
PRJ051,2026-04,47,45
PRJ051,2026-05,58,54
PRJ051,2026-06,62,60
PRJ052,2026-01,20,19
PRJ052,2026-02,33,26
PRJ052,2026-03,34,37
PRJ052,2026-04,52,44
PRJ052,2026-05,56,49
PRJ052,2026-06,57,58
PRJ053,2026-01,21,17
PRJ053,2026-02,32,32
PRJ053,2026-03,47,39
PRJ053,2026-04,54,48
PRJ053,2026-05,59,54
PRJ053,2026-06,67,61
PRJ054,2026-01,31,26
PRJ054,2026-02,34,36
PRJ054,2026-03,48,50
PRJ054,2026-04,61,57
PRJ054,2026-05,71,68
PRJ054,2026-06,81,74
PRJ055,2026-01,26,24
PRJ055,2026-02,34,36
PRJ055,2026-03,49,44
PRJ055,2026-04,52,53
PRJ055,2026-05,67,61
PRJ055,2026-06,76,70
PRJ056,2026-01,27,29
PRJ056,2026-02,37,38
PRJ056,2026-03,51,46
PRJ056,2026-04,54,61
PRJ056,2026-05,70,73
PRJ056,2026-06,85,80
PRJ057,2026-01,29,23
PRJ057,2026-02,35,33
PRJ057,2026-03,44,41
PRJ057,2026-04,51,53
PRJ057,2026-05,63,65
PRJ057,2026-06,78,76
PRJ058,2026-01,31,28
PRJ058,2026-02,37,41
PRJ058,2026-03,56,54
PRJ058,2026-04,67,60
PRJ058,2026-05,69,65
PRJ058,2026-06,76,79
PRJ059,2026-01,19,19
PRJ059,2026-02,34,25
PRJ059,2026-03,36,39
PRJ059,2026-04,54,45
PRJ059,2026-05,60,50
PRJ059,2026-06,65,57
PRJ060,2026-01,33,32
PRJ060,2026-02,40,45
PRJ060,2026-03,60,60
PRJ060,2026-04,72,65
PRJ060,2026-05,79,74
PRJ060,2026-06,82,82
PRJ061,2026-01,15,18
PRJ061,2026-02,31,24
PRJ061,2026-03,32,30
PRJ061,2026-04,45,35
PRJ061,2026-05,47,46
PRJ061,2026-06,56,53
PRJ062,2026-01,31,29
PRJ062,2026-02,44,40
PRJ062,2026-03,54,46
PRJ062,2026-04,56,61
PRJ062,2026-05,74,67
PRJ062,2026-06,77,80
PRJ063,2026-01,27,25
PRJ063,2026-02,33,30
PRJ063,2026-03,42,42
PRJ063,2026-04,56,55
PRJ063,2026-05,69,63
PRJ063,2026-06,74,75
PRJ064,2026-01,26,25
PRJ064,2026-02,36,31
PRJ064,2026-03,39,46
PRJ064,2026-04,60,60
PRJ064,2026-05,68,68
PRJ064,2026-06,79,74
PRJ065,2026-01,16,20
PRJ065,2026-02,28,28
PRJ065,2026-03,36,39
PRJ065,2026-04,54,47
PRJ065,2026-05,58,52
PRJ065,2026-06,62,65
PRJ066,2026-01,25,28
PRJ066,2026-02,41,42
PRJ066,2026-03,55,50
PRJ066,2026-04,62,57
PRJ066,2026-05,68,68
PRJ066,2026-06,80,77
PRJ067,2026-01,16,21
PRJ067,2026-02,35,34
PRJ067,2026-03,49,39
PRJ067,2026-04,52,54
PRJ067,2026-05,68,67
PRJ067,2026-06,80,78
PRJ068,2026-01,28,27
PRJ068,2026-02,41,34
PRJ068,2026-03,49,42
PRJ068,2026-04,53,51
PRJ068,2026-05,61,63
PRJ068,2026-06,71,76
PRJ069,2026-01,32,31
PRJ069,2026-02,41,42
PRJ069,2026-03,53,51
PRJ069,2026-04,62,61
PRJ069,2026-05,70,73
PRJ069,2026-06,86,79
PRJ070,2026-01,19,20
PRJ070,2026-02,34,35
PRJ070,2026-03,43,41
PRJ070,2026-04,52,55
PRJ070,2026-05,66,67
PRJ070,2026-06,78,77
PRJ071,2026-01,22,22
PRJ071,2026-02,33,28
PRJ071,2026-03,43,36
PRJ071,2026-04,47,47
PRJ071,2026-05,58,60
PRJ071,2026-06,73,69
PRJ072,2026-01,32,30
PRJ072,2026-02,43,39
PRJ072,2026-03,51,49
PRJ072,2026-04,64,61
PRJ072,2026-05,70,73
PRJ072,2026-06,86,81
PRJ073,2026-01,29,27
PRJ073,2026-02,35,41
PRJ073,2026-03,52,48
PRJ073,2026-04,56,57
PRJ073,2026-05,71,66
PRJ073,2026-06,76,74
PRJ074,2026-01,26,26
PRJ074,2026-02,37,38
PRJ074,2026-03,51,47
PRJ074,2026-04,62,62
PRJ074,2026-05,77,74
PRJ074,2026-06,84,84
PRJ075,2026-01,20,23
PRJ075,2026-02,38,30
PRJ075,2026-03,38,43
PRJ075,2026-04,51,49
PRJ075,2026-05,57,54
PRJ075,2026-06,68,61
PRJ076,2026-01,21,19
PRJ076,2026-02,27,27
PRJ076,2026-03,42,37
PRJ076,2026-04,45,51
PRJ076,2026-05,66,66
PRJ076,2026-06,81,71
PRJ077,2026-01,19,10
PRJ077,2026-02,18,23
PRJ077,2026-03,35,36
PRJ077,2026-04,48,41
PRJ077,2026-05,55,48
PRJ077,2026-06,57,54
PRJ078,2026-01,20,17
PRJ078,2026-02,29,27
PRJ078,2026-03,39,38
PRJ078,2026-04,47,48
PRJ078,2026-05,62,60
PRJ078,2026-06,71,68
PRJ079,2026-01,23,29
PRJ079,2026-02,37,35
PRJ079,2026-03,49,46
PRJ079,2026-04,60,59
PRJ079,2026-05,74,64
PRJ079,2026-06,72,71
PRJ080,2026-01,22,18
PRJ080,2026-02,31,32
PRJ080,2026-03,41,45
PRJ080,2026-04,53,53
PRJ080,2026-05,64,67
PRJ080,2026-06,82,76
PRJ081,2026-01,15,21
PRJ081,2026-02,33,34
PRJ081,2026-03,42,41
PRJ081,2026-04,54,46
PRJ081,2026-05,57,60
PRJ081,2026-06,70,71
PRJ082,2026-01,19,14
PRJ082,2026-02,25,28
PRJ082,2026-03,42,43
PRJ082,2026-04,56,54
PRJ082,2026-05,64,60
PRJ082,2026-06,73,65
PRJ083,2026-01,22,16
PRJ083,2026-02,25,26
PRJ083,2026-03,40,36
PRJ083,2026-04,44,51
PRJ083,2026-05,63,63
PRJ083,2026-06,78,71
PRJ084,2026-01,30,27
PRJ084,2026-02,37,42
PRJ084,2026-03,56,48
PRJ084,2026-04,60,56
PRJ084,2026-05,65,62
PRJ084,2026-06,74,69
PRJ085,2026-01,27,28
PRJ085,2026-02,41,38
PRJ085,2026-03,47,44
PRJ085,2026-04,52,53
PRJ085,2026-05,68,63
PRJ085,2026-06,75,69
PRJ086,2026-01,18,16
PRJ086,2026-02,30,28
PRJ086,2026-03,42,34
PRJ086,2026-04,42,40
PRJ086,2026-05,53,53
PRJ086,2026-06,62,67
PRJ087,2026-01,29,20
PRJ087,2026-02,32,31
PRJ087,2026-03,45,37
PRJ087,2026-04,48,51
PRJ087,2026-05,61,66
PRJ087,2026-06,80,73
PRJ088,2026-01,21,18
PRJ088,2026-02,30,30
PRJ088,2026-03,40,36
PRJ088,2026-04,46,47
PRJ088,2026-05,59,58
PRJ088,2026-06,70,70
PRJ089,2026-01,20,16
PRJ089,2026-02,27,31
PRJ089,2026-03,46,45
PRJ089,2026-04,56,57
PRJ089,2026-05,66,64
PRJ089,2026-06,76,69
PRJ090,2026-01,30,31
PRJ090,2026-02,45,41
PRJ090,2026-03,56,51
PRJ090,2026-04,65,66
PRJ090,2026-05,76,75
PRJ090,2026-06,88,89
PRJ091,2026-01,26,21
PRJ091,2026-02,31,32
PRJ091,2026-03,45,41
PRJ091,2026-04,56,55
PRJ091,2026-05,66,65
PRJ091,2026-06,79,74
PRJ092,2026-01,30,23
PRJ092,2026-02,34,37
PRJ092,2026-03,47,52
PRJ092,2026-04,60,64
PRJ092,2026-05,75,76
PRJ092,2026-06,88,82
PRJ093,2026-01,33,25
PRJ093,2026-02,37,33
PRJ093,2026-03,45,48
PRJ093,2026-04,58,59
PRJ093,2026-05,73,65
PRJ093,2026-06,80,79
PRJ094,2026-01,34,33
PRJ094,2026-02,47,46
PRJ094,2026-03,54,56
PRJ094,2026-04,65,62
PRJ094,2026-05,73,77
PRJ094,2026-06,90,84
PRJ095,2026-01,20,16
PRJ095,2026-02,30,22
PRJ095,2026-03,30,28
PRJ095,2026-04,40,36
PRJ095,2026-05,47,48
PRJ095,2026-06,61,59
PRJ096,2026-01,29,29
PRJ096,2026-02,37,41
PRJ096,2026-03,50,50
PRJ096,2026-04,64,56
PRJ096,2026-05,65,63
PRJ096,2026-06,76,72
PRJ097,2026-01,30,23
PRJ097,2026-02,38,33
PRJ097,2026-03,48,39
PRJ097,2026-04,54,51
PRJ097,2026-05,64,57
PRJ097,2026-06,69,62
PRJ098,2026-01,16,18
PRJ098,2026-02,27,33
PRJ098,2026-03,43,41
PRJ098,2026-04,51,54
PRJ098,2026-05,64,64
PRJ098,2026-06,78,76
PRJ099,2026-01,26,27
PRJ099,2026-02,37,34
PRJ099,2026-03,48,45
PRJ099,2026-04,53,59
PRJ099,2026-05,70,71
PRJ099,2026-06,85,82
PRJ100,2026-01,16,13
PRJ100,2026-02,25,19
PRJ100,2026-03,28,32
PRJ100,2026-04,42,42
PRJ100,2026-05,55,50
PRJ100,2026-06,65,56
